제목,링크,상세정보
개운지복(開運之福),https://www.haman.go.kr/01834/01862/02166.web?amode=view&idx=5&cpage=1,"때는 조선시대 중엽이었다. 임진왜란을 치룬 선조는 전국에 영을 내려 전화로 피폐된 전답과 무너진 가옥을 보수케 하고 세금을 탕감하여 백성들의 짐을 덜어주자 고난과 불안에 허덕이던 나라의 기틀이 어느정도 안정되었다. 이때 함안에 돌생원이라고 하는 사람이 있었으니, 이는 그의 성이 돌가이고 이름이 생원인 것이 아니고 이 고을에서 코흘리는 어린아이들도 알만큼 유명한 하영춘의 별명인 것이다.
이 하영춘은 원래 지독한 외고집장이인데다가 성질마저 괴팍하고 태평스럽기 때문에 길가의 굴러 다니는 돌이란 성이 붙어버린 것이다. 하영춘은 초시에 급제하기는커녕 백일장에도 응시하지 못한 백두서생이었다. 그러나 그의 출신 성분은 원래 뼈대있는 가문의 자손인지라 고을 사람들은 돌자 밑에다가 생원이란 명예 감투를 씌워준 것이다.
추수도 전부 끝나고 제법 싸늘한 바람이 불어오는 어느 이른 겨울이었다. 어느날 돌생원은 치렁치렁한 떠꺼머리를 휘휘 저으며 논을 가로 질러서 염산골을 향해 느릿한 발걸음을 옮기기 시작했다. 돌생원은 어릴 때부터 유명한 개구쟁이로 자랐기 때문에 그 악명은 널리 알려져 있었고 특히 염산골은 그가 사는 동리와 가깝기에 피해를 가장 많이 받았다. 그가 하는 장난은 호박에 말뚝을 박아 놓거나 거지 쪽박에다 개똥을 넣어 주거나 처녀가 자는 방에 구멍을 내고 참외밭에 물똥을 싸놓는 등 못된 짓 투성이었다. 그러니 한번 당한 사람들은 고개를 휘휘 둘렀고 치를 떨었지만 상놈으로서 양반에게 손찌검을 할 수도 없어 똥을 피하듯 쉬쉬 해야만 했다.
이렇듯 악행만을 저지르던 돌생원이 나이가 들어서인지 요즘은 갑자기 점잖아진 것이다. 어려서 조실부모하고 의지할 데 없이 늙은 노비 하나만을 데리고 살아온 그는 너무도 외롭고 고독하여 한때 장난이 심했었지만 동갑네 개구쟁이 들이 전부 장가를 들어 아이 아버지가 되자 그도 슬그머니 정신을 차리게 된 것이다. 이렇게 갑자기 돌생원이 점잖아 졌지만 아직도 고집은 황소같아서 자기 주장만 하늘처럼 내세우니 그만 돌생원이란 별명을 얻고 만 것이다.
돌생원이 염산골 어귀를 달아 마을 한가운데로 들어 가려는데 갑자기 울부짖는 통곡 소리가 들려왔다. 그 곡성이 너무나 자지러지게 들려오므로 깜짝 놀라 주위를 살펴보니 그 소리는 함안 땅에서도 만석군으로 이름난 최부자의 고래등 같은 집에서 들려 나오는 것이었다. 최부자는 대대로 이곳에 근거를 두고 살아온 부호로서 그의 재산이 얼마나 많은지는 아무도 모르는 것이다. 즉 그의 전답은 이 넓은 평야 곳곳에 산재해 있기 때문에 자기 땅만 밟고도 다른 고을로 갈 수 있다는 말까지 나왔다. 그런 최부자의 집에서 갑자기 곡성이 새어 나오니 아무리 뱃심좋고 여유있는 돌생원인들 잠깐 어리둥절하지 않을 수가 없었다.
돌생원은 머뭇거리다가 슬그머니 발길을 돌려 최부자집 문전으로 걸어갔다. 대궐문이 부럽지 않은 큰 대문이 육중하게 버티고 있는 집앞에는 동리 사람들이 구름같이 모여서 서로 수근대고 있었다. 아니 왠일인가? 앞으로 다가간 돌생원이 한 사람을 붙들고 물었다. 「어? 돌생원님이군. 지금 최진사댁 아가씨께서 운명하셨다오」「뭐라구?」 돌생원은 자기도 모르게 큰 소리로 반문했다. 최부자의 딸이라면 바로 혜용이라는 아가씨였기 때문이다. 「여보시오. 자세히 좀 말해보오.」 돌생원이 바짝 다가서며 다그쳐 묻자 다음과 같은 이야기를 늘어놓기 시작했다. 「에. 그러니까 그게 바로 엊저녁이었소. 이댁 아가씨는 저녁을 들은 후 잠깐 뜰을 거닐다가 곧 잠자리에 들었는데 아침이 되도록 깨어나질 않아 시비가 흔들어 보니 숨소리 조차 들리지 않았다는 것이라오.」「그래서?」돌생원이 급하다는 듯이 또다시 말을 재촉하자 옆에 있던 사람이 말을 이었다. 「그래, 깜짝 놀란 최진사 어른은 의원을 데려온다. 침을 놓는다. 하고 손을 썼지만 죽은 사람이 또다시 살아나겠소? 아까운 아가씨 하나가 그만 죽은 것이지.」돌생원도 듣고보니 너무나 허무한 일이었다.
중국의 일등 미인이라는 양귀비처럼 아름답던 혜용아가씨가 죽었다니 이보다 더 큰 아까움이 어디 있겠는가, 알고도 모를 것이 인간사라 했지만 벌써부터 혜용의 미태를 눈여겨 보아 왔던 돌생원으로서는 정말 통곡하고 싶은 마음이 솟아 올랐다. 그렇다고 여기서 땅을 치고 울 수야 있겠는가. 죽은 사람의 영혼을 위로하려면 정중한 문상을 해야한다. 이렇게 혼자 생각을 한 돌생원은 사람들이 와글거리는 틈을 누비고 최부자네 후원 별당 앞에까지 가게 되었다. 과연 평소 혜용아가씨가 쓰던 별당 안에는 분향소가 차려져 있었다. 검은 붓으로 그린 열두 폭 병풍이 둘려있고 그 앞에는 향촛대가 대낮인데도 타고 있었다.
성큼성큼 걸어간 돌생원이 마악 짚신을 벗고 별당으로 올라서려 할 때 우람한 손이 갑자기 그를 떠밀었다. 「여보. 당신은 여기 뭣하러 왔소?」 돌생원은 예기치 않았던 일이라 고개를 돌려 바라보니 최부자집의 청지기인 달삼이가 왕방울 같은 눈을 부라리는 것이다.
「왜 그러나? 문상을 왔네」 「뭐라구? 돌생원은 필요없어 여기가 어디라고 빌어먹을 강아지처럼 기어온단 말야!」 청지기가 멋대로 지껄이는 말에 돌생원은 기가 막혔다. 자기는 그래도 양반의 씨인데 한낱 하인놈이 해라를 하며 잔뜩 모욕을 주다니. 가뜩이나 심술 사나운 성질을 건드려 놓은거나 다름이 없었다. 「이 고얀놈! 양반 앞에 대고 어디다 반말 지껄이를 하느냐. 내 오늘 네놈의 버릇을 고쳐 놔야겠다. 양반 무서운 줄 모르는 이놈!」돌생원은 목청을 돋구어 호령을 하면서 한쪽 손으로 청지기의 멱살을 쥐고는 뺨을 철썩철썩 갈기기 시작했다. 달삼이는 엉겹결에 눈을 부라리고 나가라고 했지만 상대편이 양반을 들먹이며 때리니 어쩔 수 없이 몇대 얻어 맞았다.
상놈이 양반을 모욕 했으니 관가에 송사를 내면 꼼짝없이 붙들려가 같은 양반인 원님에게 형벌을 받는 것이 무서웠기 때문이다. 「이놈! 이놈이 양반을 쳤다!」다시 돌생원의 큰 소리가 넓은 집안에 울려 퍼졌다. 이렇게 되면 일의 영문을 알 수가 없게 된다. 분명 때린 사람은 돌생원인데 그가 도리어 맞았다고 소리치니 적반하장도 유분수다.
한창 이렇게 소동이 일어나니 최부자집의 온 식구와 친척들, 그리고 문상객들이 떼어 말리고 야단법석이 났다. 「여보게. 이 손좀 놓고 이야기 하게. 조용히 타이르게나」보다못한 노인이 뜯어 말리자 겨우 떨어진 돌생원은 자못 억울하다는 듯 씩씩거리며 말을 했다. 「이댁 아가씨께서 졸지에 변을 당하셨기 때문에 이 몸이 정중히 문상을 왔습니다. 허나 저런 상놈이 양반을 욕하니 소인도 양반의 자식인데 어찌 그대로 있겠습니까?」「알았네. 알았네. 자네가 문상을 왔으면 예의를 차려야지 이러면 쓰나?」노인이 슬슬 달래주자 이젠 더욱 허세스러운 걸음으로 향로 앞까지 걸어간 돌생원은 우연히 방 한쪽에 놓인 화로가 순간적으로 눈에 띄었다. '아가씨가 갑자기 죽었다? 잠이 들더니 깨어 나지를 않는다?' 이런 생각을 하던 돌생원의 머리속에 이상스런 예감이 스치고 지나갔다.
분향을 끝내고 화로 가까이 가서 유심히 살피던 돌생원은 미묘한 미소를 짓더니 갑자기 최부자를 뵙겠다고 간청을 했다. 그때 최부자는 하나뿐인 외동딸이 원인 모르게 죽자 너무 상심을 하여 넋을 잃고 사랑방에 몸져 누워 있었다. 무엇보다도 소중히 키웠고 사랑하던 딸이 처녀로 급사했으니 정신을 차리지 못하는 것도 무리가 아니었다. 그러므로 처음 돌생원이 보자고 할 때는 핑계를 대고 사절했지만 그가 딸을 살리겠다고 하자 대뜸 달려 나왔다.
「뭐라구? 자네가 내 딸을 살려낼 수가 있다는 말인가?」「예, 그렇습니다. 틀림없이 소생시킬 묘안이 있습니다.」 「진정이렸다?」「예」「그렇다면 오죽 다행인가 만일 못한다면?」「소인에게 반나절의 시간만 주시면 기필코 따님을 소생시키겠습니다. 저녁이 되어도 살아나지 않는다면 이놈의 목을 드리겠습니다. 」「좋다. 혜용이가 살아난다면 내 재산의 반을 주겠다.」돌생원은 자신있게 수작을 건내고 나서 곧 혜용아가씨의 방으로 들어가면서 장구 하나를 갖다 달라고 청했다.
하인이 이상스럽다는 듯이 장구를 하나 갖다 주자 방안에서 문을 잠구더니 두둥둥 북소리를 울리고 있는 것이 아닌가! 이런 괴이한 일도 있을 수 있을까? 초상집에서 장구소리가 흥겹게 울려 나오다니... 마당에서 서성이던 모든 사람들은 기가 막혀서 말이 제대로 나오질 않았다. 그 중 성미 급한 문중 사람들이 최부자에게 당장 달려갔다. 「숙부님! 세상에 이럴수가 있습니까. 불난 집에 부채질 한다고 가뜩이나 슬픈 판에 장구소리를 울리다니... 저놈이 필시 미친 놈입니다.
저런 놈은 당장 물고를 내어 쫓으십시오.」흥분한 문중 사람들의 말을 조용히 듣고 있던 최진사는 「그대로 두거라.」하고 한마디 하고는 뒤로 돌아 누웠다.
한편 아가씨의 방에 책상다리를 하고 앉은 돌생원은 노상 장구를 둥둥 치면서 흥겨운 노랫가락을 읊고 있었다. 명월이 만곤건하니 이 아니 좋을손가. 그리던 님과 함께 있으니 낙이 오도다. 어화화 좋을시고 지화자 좋을시고. 이젠 더 이상 참지 못하겠는지 밖에서 고함소리가 들려온다. 「이 고얀 놈! 당장 이리 나오너라. 미쳐도 유분수지 잡가를 부르다니......」「둥둥둥」그 소리에 대답대신 장구소리가 또 울려 나온다. 이렇게 시신을 모셔 놓은 방에서 때 아닌 노랫 가락이 흘러 나오기 한 시각 두 시각 시각은 사정없이 흘러 갔다.
최부자는 사랑방에 누워 있으면서도 어서 딸이 소생했다는 소식이 있기를 마음 조이며 기다렸다. 그러나 이제 해가 서산으로 기울 기 시작했는데도 아무런 전갈이 없으니 애가 바싹 탔다. '내가 그 파락호 같은 놈한테 속은 것이 아닌가. 죽은 사람이 다시 살아났다는 소문을 들은 적이 없는데......오직 살리려는 마음 때문에 망신을 당할지도 모르겠그나.' 이렇게 생각하니 더욱 돌생원의 장담이 못믿어지고 의심이 더럭 났다. 「여봐라!」기어코 최부자의 거친 음성이 밖으로 터져 나왔다. 대기하고 있던 머슴이 대답을 길게하자「당장 별당으로 가서 그 놈을 포박하라고 일러라!」 「예? 무슨 분부시온지요?」「뭘 꾸물거린단 말이냐. 그놈이 있는 별당 아아니 별당에 있는 그놈을 죽도록 물고를 내라니까!」머슴이 뜻을 알 수 없어 지체하자 최부자는 때려 죽이라고 불같은 분부를 내리는 것이다.
「예.예. 알았습니다.」머슴은 급히 대답을 하고 물러났다. 그러자 별당 앞에서 시끄럽게 들려 나오는 장구소리와 노랫 가락을 눈살스럽게 생각하던 일가 문중은 오랏줄과 몽둥이를 준비하고 마악 방을 덮칠 기세를 하기 시작하였다. 그러자 별당안은 장구소리도 끊어지고 조용하기만 했다. 「자. 하나 둘 셋 하면서 문을 열어봅시다.」사람들은 모두 숨을 죽이며 큰 소리로 입을 모아 외치기 시작했다. 「하나!」「둘!」바로 그때였다. 여태까지 쥐죽은 듯이 잠잠하기만 하던 별당문이 열리고 돌생원의 커다란 음성이 들리는 것이었다. 「시끄럽다! 물러들 가거라.」「뭐라고? 이놈이 환장을 했나보다. 얘들아! 어서 저놈을 묶어라!」그러지 않아도 포박하려던 판인데 큰 소리까지 치니 사람들은 울화가 치밀어 와서 소리를 내며 달려 들었다.
그때였다.「멈춰요!」하는 여인의 목소리가 들려왔다.「모두 물러 가세요. 분명히 혜용이는 살아났어요.」하는 소리와 함께 꽃같이 아름다운 처녀가 사뿐사뿐 걸어 나오질 않은가. 밖에 있던 사람들은 아!하고 소리를 내고는 입을 다물지 못했다. 아침까지만 해도 죽었던 사람이 다시 살아났으니 너무도 신기한 일이라 사람들은 정신을 차리지 못하고 떠들고 있었다. 그렇지만 알고보면 그것은 그리 신기한 일은 아니었다.
처음 돌생원이 방으로 들어 갔을 때 안에 놓인 화로에 이상하게 시선이 갔었다. 자세히 살펴보니 타다 남은 숯덩이가 아직도 남아 있는 것이 아닌가. 아마 날씨가 추워서 덜탄 숯불을 방에 들여놓고 잠을 잔 것이 냄새를 맡게 되어 잠시 중독 상태에 놓인 것이었다. 그걸 모르고 집안에서는 죽었다고 난리를 쳤지만 돌생원은 시간이 흐르면 깨어난다는 것을 짐작하고는 장담한 것이었다. 이쯤 되고 보니 돌생원은 일약 최부자의 은인이 되었다.
최부자는 딸이 소생했다는 전갈을 듣고는 버선발로 달려나와 덩실덩실 춤을 추었다. 「고맙네. 고마워! 자네는 우리 딸의 은인이야 은인일세.」최부자는 연실 돌생원의 등을 두드리며 감사를 했다. 그 얼마후 최부자 집의 넒은 마당에는 높다란 차일이 쳐지고 초례를 지내는 풍악 소리가 흥겹게 들리고 있었다. 그것은 바로 최부자의 외동딸 혜용과 돌생원의 백년해로를 기약하는 혼례식이었다. 돌생원의 운이 트이기 시작한 것이었다."
복정(鰒井)의 유래(由來),https://www.haman.go.kr/01834/01862/02166.web?amode=view&idx=6&cpage=1,"지금의 산인면 모곡리 장내동마을에 있는 우물로서 모은(茅隱) 이오(李午)선생이 고려조의 충절로서 둔적복거하여 집을 짓고 담안에 우물을 팠는데 이 우물을 복정(鰒井)이라 부른다.
모은선생의 현손(玄孫)인 이경성(李景成)의 행직(行職)은 현감(縣監)이요 증직(贈職)은 병조참판(兵曹參判)이다. 남명(南冥) 조식(曺植)선생이 「어찌하여 더 벼슬을 하지 않는가」라고 하니 「노모(老母)를 봉양하기 때문이다.」하므로 남명선생은 그를 ""양지지효(養志之孝)""라고 칭찬하였다고 하며 그 배위(配位)인 정부인(貞夫人) 여주이씨(驪州李氏)도 역시 시모(媤母)를 섬겨 효성이 지극하였다. 시모(媤母)가 노환(老患)에 전복(鰒魚)를 먹고 싶다고 했지만 산골이라 구할 길일 없었는데 백방으로 구하러다닌 정성에 하늘이 감동했는지 우물에서 전복이 나왔던 것이다.
시모는 며느리 이씨에게도 같이 먹기를 권했으나 이씨는 먹을줄 모른다고 대답했다. 이씨는 그후 시모를 봉양하기 위한 한때의 거짓일지라도 부모를 속인 죄책으로 한평생동안 번민하였다고 한다. 후에 영조조(英祖朝)의 명상(名相) 유척기(兪拓基)가 경상감사(慶尙監司)로 왔을 때 자기의 부임기념으로 연 백일장 시제(詩題)에 ""평생불식 복어회(平生不食鰒魚膾)""로 내었다는 일화가 전해지고 있다. 이 복정(鰒井)은 근 600년전 모은선생이 파서 사용한 것으로 지금까지 아무리 큰 가뭄에도 물이 마르지 않는다고 한다."
파수(巴水)곶감에 얽힌 전설(傳說),https://www.haman.go.kr/01834/01862/02166.web?amode=view&idx=7&cpage=1,"함안면 파수리는 해발 700m가 넘는 여항산(艅航山)을 배경으로 하고 자리잡은 산골마을이다. 옛부터 성산이씨(星山李氏)와 남양홍씨(南陽洪氏), 그리고 은진임씨(恩津林氏)의 세 대성(大姓)들이 살고 있었다. 그 중에서 임씨 문중의 문장(門長)이 되는 어른이 큰 병에 걸려 오랫동안 병석에서 고생을 하고 있었다. 문중(門中)에서는 온갖 약을 쓰고 명의(名醫)들을 불렀으나 병세는 차도(差度)가 없고 나날이 더해갈 뿐으로 온 집안은 수심에 가득차 있었다.
문장(門長)의 아들은 효성이 지극하여 이른 새벽마다 목욕(沐浴)하고 부친(父親)의 회춘(回春)을 기원하는 치성(致誠)을 올린 후 도시락을 들고 험한 여항산을 헤매면서 좋다는 약초(藥草)를 다 캐어 병구완을 하였으나 병세는 호전되지 않아 전전긍긍(戰戰兢兢)하며 안타까와 할 뿐이었다. 그러던 어느날도 평일과 다름없이 산을 헤매었다. 하지만 약초 한 뿌리도 캐지 못하고 정신없이 산을 내려오다가 그만 실족(失足)하여 높은 벼랑에서 떨어져 기절을 하고 말았다.
한참 후에 누군가가 호통쳐 깨우는 바람에 눈을 떠보니 수염을 길게 기른 백발 노인이 지팡이를 짚고 서서 「이놈! 애비가 병중에 있거늘 약 한뿌리도 캐지 못하고 누워 있다니 썩 일어나지 못할까!」라고 호통을 치는 것이었다. 그 바람에 아픔도 잊어버리고 벌떡 일어나 무릎을 꿇고 「가친(家親)이 와병중(臥病中)에 신음하고 있사오니 소자(小子) 불효(不孝)하여 완쾌(完快)할 길을 몰라 노심초사(勞心焦思) 할 뿐 방도(方道)를 모르오니 엎드려 바라옵건대 부디 신령(神靈)님께서 그 비법(秘法)을 가르쳐 주시오면 백골난망(白骨難忘)이옵니다.」하며 애원(哀願)하며 간청(懇請)하니 지팡이로 절벽을 가르키면서 「저기 있는 붉은 열매를 깎아 말린 후 따뜻한 물에 녹여 너의 애비에게 먹이도록 하라.」는 한 마디를 남기고 연기처럼 사라졌다.
임 효자는 정신을 차려 절벽을 바라보니 과연 천길 단애(斷崖)중에 붉은 과일이 열려있는 지라 천우신조(天佑神助)라 생각하며 절벽을 오르기 그 몇번이던가! 오르다가 떨어지고 또 떨어지고...... 오직 일구월심(日久月深) 부친의 병환만을 생각하며 만신창이(滿身瘡痍)가 된 몸을 돌보지 않고 천신만고(千辛萬苦) 끝에 그 열매를 따 집에 돌아와 정성껏 깍아 말린 후 물에 녹여 먹였더니 부친은 그 무거웠던 병을 언제 앓았느냐는 듯이 신기하게도 자리를 털고 일어 났다고 한다.
임효자는 약제로 쓰고 남은 그 붉은 열매의 씨를 땅에 심었더니 이듬해 봄에 싹이 트고 나무가 무럭무럭 자라 몇 해 후에 열매를 맺더니 가을이 되자 붉게 익더라는 것이다. 그 붉은 과일의 나무가 지금의 감나무이며 그 열매를 깍아 말린 것이 지금의 곶감의 시초였다고 한다. 특히 파수(巴水)곶감은 수정과에서 빼어 놓을 수 없는 고급품이며 다른 곳의 곶감은 도저히 따를 수 없다하여 조선시대(朝鮮時代)에 왕실의 진상품으로 지정되어 일반인은 감히 구경조차 할 수 없었다고 한다.
함안 파수 곶감의 특징은 씨가 적을(하나 아니면 두 개뿐) 뿐만 아니라 오랫동안 보관해도 굳어지는 일이 없고 그 맛이 천하일미(天下一味)로서 타 지방의 곶감은 추종을 불허한다 하여 함안의 일등 명산물로 치고 있다. 지금도 함안에서는 대사(大事)를 치룰 때나 귀한 손님을 맞을 때 수정과를 내어 놓는데 게피나무 삶은 물에 곶감 1개와 잣 몇알, 채썰은 배 몇 조각을 띄워 만든 이것이야말로 수정과라기 보다 약차(藥茶)로서도 일등품이라 할 것이다."
파산익삼(巴山翼蔘),https://www.haman.go.kr/01834/01862/02166.web?amode=view&idx=8&cpage=1,"산인면 신산리에 밤을 엎어놓은 듯한 형상을 띠었다하여 율산(栗山)이라 이름지어진 산이 있다. 이 율산 기슭에 파산익삼(巴山翼蔘)이란 영약이 재배되었다고 전하는데 이 익삼을 말하자면 밤처럼 검붉은 색으로 단단한 것이 특징이다. 한편 병후 회복과 피로를 푸는데 천하 명약일 뿐만 아니라 오래 복용하면 얼굴이 이뻐지고 장수한다고 전한다.
그 당시 예종께서 환후(患候)중이셨는데 백약(百藥)이 무효하고 천하의 명의도 고개만 흔들 뿐이어서 조정은 근심으로 가득 쌓여 있었다. 그러던 중 사신(使臣)편으로 명(明)나라의 명의를 초청, 진맥케 하였던바 명삼(名蔘)을 구하여 시탕(侍湯)케 하여야만 환후평복(患候平復)하실 수 있다하여 개성인삼을 보였더니 그보다 더 좋은 삼을 원하였다. 조정에서는 전국에 방을 붙여 삼을 수집하게 되었는데 경상도에서 진상(進上)된 파산익삼을 보고 이 삼이야말로 천하의 명약이라 탄복하였다 한다. 곧 조정에서는 경상감사(慶尙監司)에게 많은 파산익삼을 진상토록 하였으며 그 이후부터 예종의 환후는 쾌차하였고 파산익삼은 더욱 유명해졌다.
이로인하여 조정에서는 더욱많은양을 진상토록 하였으며 이 이야기를 들은 명나라 임금도 조공(朝貢)으로 익삼을 바칠 것을 요구하였으며 탐관오리는 탐관오리대로 착복키위해 재배면적을 확대케 했다.
그런데 이후부터 이상하게도 익삼은 붉게 타서 죽어가기 시작하더니 3년만에 자취도 없이 사라져 버렸다고 한다. 지금은 다만 익삼의 전설을 대변하는 듯 율산 기슭에 삼밭골, 삼등골이란 지명만 남아있다."
함안차사(咸安差使),https://www.haman.go.kr/01834/01862/02166.web?amode=view&idx=9&cpage=1,"확실한 연대와 인물은 알 수 없으나 고려말기의 일인 듯 짐작된다. 그 당시 한 사람이 대벽죄(大璧罪)를 지었는데 조정에서 안핵사까지 내려보내 죄를 다스리게 하였다. 이 죄인에게는 노아(蘆兒)라는 딸이 하나 있었는데 천하 절색일 뿐만 아니라 가무(歌舞)며 학문에 능하고 구변이 청산유수이어서 한번 본 남자는 그녀의 치마폭에 놀아나지 않는 사람이 없었다. 노아는 효성이 지극하여 부친의 생명을 구하고자 생각하던 중 스스로 기적(妓籍)에 입적(入籍)하여 관리들을 홀려 그들의 약점을 이용, 아버지를 벌주지 못하게 하였다.
안핵사가 내려올 때마다 지방 관리들로 하여금 어떠한 핑계로든 잔치를 베풀게 하였고, 그 자리에는 반드시 그녀가 참석하여 미색과 가무, 그리고 모든 아양을 떨어 그때마다 수청을 자청하여 안핵사로 하여금 본분의 일을 잊고 주색에 빠지게 하여 차일피일 하다가 돌아가거나 봉고파직(封庫罷職)케 하였다.
그리하여 조정에서는 최후의 수단으로 성품이 강직, 청렴하고 과단성이 있는 젊은 관원을 뽑아 안핵사에 임명하여 그 죄상을 낱낱이 밝히도록 하였다. 이에 신임 안핵사는 호언장담 하기를 ""일체 기생을 점고치 아니하고 술을 멀리 하여 관리들을 희롱한 노아부터 처벌한 다음 그의 아비를 다스릴 것이다.""라며 안핵길에 올랐다.
한편 노아는 밀정을 풀어 신임 안핵사의 일거일동을 손바닥 보듯 훤히 알고는 계획을 마련, 안핵사가 칠원현(漆原縣:당시에는 함안군과 분리되어 있었음) 웃개나루(낙동강이 함안과 창녕을 경계지은 나루터, 지금의 칠서면 계내리)에 당도하여 객주집에 들어 점심을 들게 되었다. 노아는 계획이 적중함을 기뻐하며 멀지도 가깝지도 않은 지점에서 소복단장으로 구경꾼 속에 끼어 들랑 날랑하여 안핵사의 시선을 끌기에 노력하였다.
안핵사는 낯선 고장의 산천경개(山川景槪)와 굽이쳐 흐르는 낙동강을 바라보며 노독을 풀던 중 무심코 구경꾼들을 쳐다보니 멀게 가깝게 아른거리는 한 여인을 발견하였는데 천상의 선녀가 하계(下界)하여 노니는 듯, 백학이 알을 품고 구름속에서 춤을 추듯, 벌 나비가 꽃밭에서 춘광(春光)을 희롱하듯하여 정신이 아득하고 눈 앞이 삼삼하여 황홀경에서 벗어날 줄을 몰랐다.
이 곳은 타 고을이라 잠시 방심한 그는 몸이 불편하다는 핑계로 하룻밤 유숙하기를 명하고 주인을 불러 넌즈시 소복여인에 대해 물었다. 주인은 한숨만 쉬면서 말이 없더니 「그 아이는 노구(老구)의 딸이온데 박복하게도 얼마전 남편과 사별하고 시가에서도 의탁할 길이 없어 잠시 소인에게 돌아와 있는 중이옵니다.」하였다. 안핵사는 속으로 ""옳다구나!""하며 무릎을 치고는 슬그머니 주인의 손에 동전을 쥐어주며 오늘밤 상면케 해줄 것을 청했다. 주인은 딱 잡아떼며 말하기를 「여식은 비록 비천한 소인의 소생이오나 내칙제서(內則諸書:여자의 행실과 법도를 적은 책)며 일반 학문을 익혀 정절을 소중히 하고 있사오니 천부당 만부당 한줄로 아옵니다.」하였다. 더욱 초조하고 마음이 들뜬 그는 애원조로 거듭하여 간청하자 못 이기는 체 하는 말이「하룻밤에 만리장성을 쌓는다 하였으니 부디 버리지 않는다는 약조만 하신다면 한번 권하여 보겠나이다.」하니 그는 그러마고 거듭 다짐하며 멋모르고 좋아했다.
일이 계획대로 척척 진행되니 능청스런 노구와 간교한 노아는 기뻐 어쩔 줄 몰라했는데 이윽고 해가 지고 밤이 이슥하자 주안상을 곁들여 안핵사의 방을 찾아 들었다. 낮에는 먼 발치로 어름어름 보았으나 곱게 단장하여 촛불 앞에 앉은 노아를 본 순간 빼어난 절색에 그만 정신이 날아갈 것 같았으며, 무상한 인생과 덧없는 세월로 늦게 만난 것을 탄식하였다. 그럭저럭 회포를 풀고 동침을 권하자 노아는 안색마저 변하며 일언지하에 거절하였다. 그럴수록 애간장이 탄 그는 세게 쥐면 다칠세라 적게 쥐면 날아갈까 두려운둣 섬섬옥수를 부여잡고 간청하니 대장부의 체면이 말이 아니다.
그러자 노아는 이제는 되었겠지 생각하고 마지못하는 척하며 응하면서 다시는 버리지 않겠다는 자문(刺紋)을 받은 후에 원앙금침 속에 들었다. 다음날 날이 밝자 노아는 말하기를 「사또는 지중한 왕명을 받은 분이시니 간밤의 일이 발설되면 사또의 체면은 물론이거니와 소첩의 노모에게까지도 벌이 미칠 것이오니 미진한 인연은 왕명을 마친 후로 미루심이 어떠하올런지?」한다. 안핵사 역시 그러함이 좋을 듯하여 함안을 향해 나아갈 때 노아는 지름길을 택하여 먼저 함안으로 돌아 왔다.
함안에 도착한 안핵사는 왕법을 문란케 한 요녀 노아를 대령시켜 극형에 처하라고 추상같은 명령을 내렸다. 동헌(東軒)앞 뜰에 끌려온 노아는 「능지처참의 죄를 범하였다 할지라도 마땅히 공사(供辭:변명서)를 보시고 결정함이 국법이온데 무조건 벌 주심은 과한줄 아옵니다. 엎드려 바라옵건대 공사를 먼저 보시옵소서!」하니 안핵사가 그 말을 옳게 여겨 공사를 보니 아비의 사연을 먼저 쓰고 끝에 시 한 구절을 적었는데, 「노아옥비 시수명(蘆兒玉臂 是誰名) 각입기부 자자명(刻入肌膚 字字明) 영견낙동 강수진(寧見洛東 江水盡) 첩심종불 부초맹(妾心終不 負初盟)(노아의 옥같은 팔에 그 누구의 이름인고, 살갗에 깊이 새겨 자자이 완연하다.차라리 낙동강 물의 마름을 볼지언정 이 몸이 맺은 맹세 변할 줄이 있으랴)」 하였다.
안핵사는 깜짝 놀라 바라보니 이무슨 변고인가? 지난 밤에 만나 백년 천년을 같이 하자던 그녀가 아닌가? 비로소 그녀의 간계에 속은 것을 알았으나 엎지러진 물이니 한탄한들 무엇하랴. 안핵사는 갑자기 병을 빙자하여 치죄를 중지하고 영원히 관직에서 물러났다고 한다. 그리하여 강원도 포수나 함흥차사와 같이 한번 가면 다시 돌아오지 않는다 하여 함안차사란 말이 생겨났다고 한다."
동자삼과 외아들,https://www.haman.go.kr/01834/01862/02166.web?amode=view&idx=10&cpage=1,"옛날 효성이 지극한 한 부부가 외아들을 시탕(侍湯)하여 노모(老母)를 살려낸 이야기가 대산면 서촌리 동촌마을 어귀에 있는 느티나무와 함께 전해오고 있다.
지금으로부터 수백여년전 홀어머님을 정성껏 모시고 사는 효성이 지극한 내외가 어린 아들과 함께 부러움 없이 지내고 있던중 하루는 노모가 갑자기 몸져눕게 되었다.
내외는 정성을 다하여 백방으로 수소문끝에 좋다는 약을 다 구하여 봉양하였으나 백약(百藥)이 무효였다. 화목하던 가정은 먹구름이 끼어 무거운 시름속에 잠겨 있을때 풍채 훤칠한 노승(老僧)이 시주차 왔다가 수심 깊은 젊은 내외의 얼굴을 보고 그 까닭을 물으니 내외는 자초지종을 아뢰었다. 사연을 들은 스님은 입맛을 몇 번 다시더니 할 수 없다는듯 퉁명스럽게 ""당신의 외아들을 삶아 노모에게 먹이면 완쾌하실 것이요"" 하며 사라졌다. 어머님의 병구완도 좋지만 대를 이어 조상봉양 하는 것 또한 중대사가 아니던가, 어머님의 완쾌를 위할 것이냐 조상의 대를 이을 것이냐. 쌍갈래 길에 고심하던 중 옛 성현의 말씀에 「부모는 천지(天地)며 자식은 의복(衣服)이다.」하였으니 자식은 또 낳으면 될 것이 아니겠는가, 내외는 의논 끝에 잠자는 아들을 펄펄끓는 물에 넣고야 말았다.
사랑하던 아들의 명복과 오직 노모의 회춘(回春)만을 기원하며 정성을 다하여 시탕하여 올렸더니 거짓말 같이 노모의 병환에 차도가 있지 않겠는가, 한편은 기쁜마음에도 행여 남이 알까 저어하며 시탕후의 찌꺼기를 밤에 몰래 느티나무 아래에 묻었다.
어머님의 회춘에 외아들을 잃은 슬픔도 잊고 지내던 어느날 옛날의 시주스님이 어린아기를 안고 웃으면서 찾아왔는데 그 아기가 영낙없는 자기들의 외아들이 아니겠는가. 내외는 영문을 몰라 어리둥절하고 있는데 스님은 웃으면서 ""그대 내외의 효성이 지극하여 하늘이 알고 일차 시험을 한 것이라요. 그대가 달여드린 아이는 그대들의 자식이 아니라 만년 묵은 동자삼(童子蔘)인 것이라오. 정 믿기지 않으면 느티나무 아래를 파 보시오"" 하며 떠나갔다. 내외는 한다름에 달려가 아들의 시신찌꺼기를 묻었던 곳을 파헤쳐보니 과연 삼의 찌꺼기가 아닌가? 내외는 너무나 기쁨에 하늘을 우러러 감사의 일념으로 합장배례했다고 하는데 이러한 천효(天孝)의 이야기가 느티나무와 함께 숨쉬고 있다."
두번 우는 원님,https://www.haman.go.kr/01834/01862/02166.web?amode=view&idx=11&cpage=2,"옛날에 한 선비가 대과에 급제는 하지 못하였지만 벼슬길에 올라 몇해만에 겨우 현감 자리에 승진이 되어 관속을 거느리고 부임길에 올랐다. 이 현감은 장안에서 대가집에서 태어나 아까운 소년 시절과 젊은 청춘을 오직 글과 싸우다가 꽃놀이 단풍놀이 한번 하지 못하고 벽지의 현감으로 오게 된 것을 무척 서글프게 생각하여 부임길 승교만 재촉하여 왔건만 사면팔방을 둘러 보아도 높은 산과 거친 들판 뿐이라 더구나 이제 함안은 몇 십리 안남았다는데 가도가도 첩첩산중이요 첩첩산중을 헤치고 지나가면 또 험악한 산중이라 한심하기 짝이 없었다.
이런 곳에 전답은 어느 구석에 있으며 객사는 또한 어떠할 것이며 동헌과 육방관속은 어떠하겠는가 생각하면 할수록 나오는 것이 한숨이요. 탄식뿐이었다. 제 아무리 대장부로 자처하고 왕명을 받은 몸임을 생각하지만 눈물이 아니 날 수 없었다. 그러나 막상 부임지에 도착한 현감은 놀라지 않을 수 없었다. 충후한 성품과 부지런히 평화롭게 살아가는 백성들, 높은산, 계곡에서 흐르는 맑은 물과 탁트인 넓은 들, 그 땅에서 가을이면 오곡백과가 풍성하며 함포고복(含哺鼓腹) 할수 있으니 -- 사흘을 굶으면 도적질 않는 사람이 없다던가, 이러한 풍요로운 고을의 주인으로서 정사(政事)도 순조롭고 매사가 뜻대로 되어가니 울며왔던 천리길도 잊은채 오직 보람만 느낄 뿐이다.
또한 명승지가 많은 고을이라 봄이면 꽃속에서 묻혀 지내며 춘색을 노래하고 여름이면 남강에 발을 담가 더위를 씻으면서 여항산에 걸린 흰구름을 바라보며 학같은 마음으로 시름을 잊고 가을이면 이수정 연못에 낚시를 드리우고 명경지수(明鏡之水)같은 마음으로 인생을 관조(觀照)하고, 비봉산 단풍잎이 동헌뜰에 나부낄때 국화주 한잔술로 풍년을 기뻐하며 육방관속과 정사를 논하였다.
세월은 유수같이 임기가 완료되어 타지로 떠나게 되었으니 엊그제 온 것 같은 이 고을, 따스한 인정이 넘쳐 흐르는 이 고장을, 풍요로운 정든 고장을 떠나게 되었으니 어디가면 이같은 고을을 다시 찾을 수 있으랴. 백면서생으로 돌아가 이 고을 백성으로 늙어 정든 산천에 묻혔으면 싶으리만큼 떠나는 발길이 무거워, 뒤돌아 보니 엎드려 배웅하는 백성들의 몸짓에 아쉬운 인정이 스며있어 철판같은 장부의 심금을 울리니 자신도 모르게 눈물이 솟아 옷깃을 적신다. 이리하여 「울고 왔다가 울고 가는 함안원님」이란 말이 전해오고 있다."
부자공씨와 도사,https://www.haman.go.kr/01834/01862/02166.web?amode=view&idx=12&cpage=2,"지금의 입곡리 임촌(林村)마을을 옛날에는 숲안(林內)이라 불렀는데 마을입구에는 숲이 우거져 있다.
옛날 이곳 숲안마을 서재골에 거부(巨富) 곡부공씨(曲阜孔氏)가 살았는데 하도 과객(過客)이 찾아들어 공부자의 며느리는 과객들의 뒷 치닥거리에 진절머리를 내었다. 하루는 도사(道士) 한 사람이 이 집앞을 지나치며 탁발(托鉢)을 청하였는데 며느리는 백미 한말을 시주하면서 어떻게 하면 과객이 몰려오지 않느냐고 물었다. 이에 도사는 그것이 가히 어려운 일이 아니라고 하면서 지금 공씨가 거주하는 주택 왼쪽의 하천(河川)을 오른쪽으로 돌리기만하면 된다고 일렀다. 공씨 며느리는 일꾼을 시켜 하천을 오른쪽으로 돌리게 하였는데 하루아침에 살림이 망하여 다시는 과객이 찾아 오지 않았다고 한다.
많은 세월이 지난 지금도 옛 하천의 흔적을 완연히 찾아볼 수 있다."
상사나무,https://www.haman.go.kr/01834/01862/02166.web?amode=view&idx=13&cpage=2,"칠북면 가연리 가동(佳洞)마을 한재계곡에 우뚝 솟은 소나무 두 그루가 있는데 이 나무를 상사나무라 전한다.
먼 옛날 이 마을 산중턱에 가난한 불구의 낭자(娘子)가 버려진채 죽음만을 기다리고 있었다. 그러던 어느날 밤 꿈에 어여쁜 선녀가 나타나 「내가 그대에게 약을 줄테니 1년 365일 동안 하루도 빠짐없이 위의 계곡 소나무 밑에서 기도를 하라. 그러나 그대가 만일 나의 얼굴을 쳐다본다면 만사가 허사가 되고 말 것이니라.」고 말하고는 사라졌다.
불구의 낭자는 이튿날부터 그 소나무 밑으로 가서 기도를 드렸더니 솔방울이 하나씩 떨어져 왔다. 그 솔방울을 달여 먹기 364일, 드디어 마지막 날이 다가왔다. 기대어 부푼 낭자는 꿈속의 선녀를 생각하며 정성껏 기도를 하였으나 솔방울은 떨어지지 않았다. 애타게 소나무를 바라보며 기도하던 낭자는 그만 그 자리에서 죽고 말았다.
그후 불구의 낭자가 죽은 자리에 소나무 한 그루가 자라났는데 후세의 사람들은 낭자의 죽은 넋이 상사고가 맺혀 소나무가 되었다하여 상사나무라 불러오고 있다."
유목(乳木)  절부목(節婦木),https://www.haman.go.kr/01834/01862/02166.web?amode=view&idx=14&cpage=2,"서기 1593년경 임진왜란 당시에 군북면 평광마을 사람들이 인근 건지산(乾支山)에 숨어 피란을 하고 있었다. 목이 타는 듯한 갈증을 못견딘 한 처녀가 물을 찾아 개울가로 내려오다가 그만 왜적에게 발견되어 붙잡히게 되었는데 무지막지한 왜적은 연약한 처녀에게 고문으로 항복을 강요하였으나 끝내 불응하자 이 나무에 거꾸로 매달아 대검(大劍)으로 처녀의 유방(乳房)을 도려내는 등 천인공노할 만행을 자행했다.
그런데 처녀가 무참히 살해당한 후부터 이 나무 양편에 사람의 유방과 같은 혹이 생겨 물이 흘러 내렸으며 이를 칭하기는 유목(乳木)이라고 불렀다. 왜적의 가혹한 고문에도 굴하지 않고 순절하였다 하여 절부목(節婦木)이라고는 부르는데 수백년이 지난 오늘에도 그때의 눈물겨운 사연을 간직한 채 유유청청하기도 하다."
장사바위,https://www.haman.go.kr/01834/01862/02166.web?amode=view&idx=15&cpage=2,"칠원면 장암리(漆原面 藏岩里)에 있는 높이 15m 둘레 20m의 사각형 기둥처럼 생긴 바위와 그 위에 얹힌 높이 1m정도의 삼각형 돌을 장사바위라고 부른다.
옛날에 힘센 장사 두 사람이 살고 있었다. 하루는 힘자랑을 겨루게 되었는데 장사바위 옆의 넙적바위를 꼭같이 들어올려 승부가 나지 않았다. 두 장사는 장사바위로 승부를 겨루었으나 역시 승부가 나지 않아 옆에 있는 자그마한 바위를 얹어서 들어 올리기로 하였는데 그중의 한 장사가 들기는 하였으나 너무 무거워 바위에 깔려 죽고 말았다.
그 이후부터 이 바위를 장사바위라 불러오고 있으며 칠월칠석이면 부녀자들이 남자의 편안을 기원한다고 한다."
조대각시 사당,https://www.haman.go.kr/01834/01862/02166.web?amode=view&idx=16&cpage=2,"확실한 연대는 알 수 없지만 아마 고려시대인 것으로 전해지는데 당시 조대감(趙大監 : 姓名은 趙 德)이라는 어른이 계셨다. 조대감은 학문과 도덕을 겸비하였을뿐아니라 무예(武藝)에도 정통하여 북방 여진족(北方女眞族)의 침공을 여러번 격퇴한 공로로 국가에서 사당(詞堂)을 관로변(官路邊)에 세워 치제(致祭)케 하였다.
그 사당 앞에는 어떠한 고관대작(高官大爵)이라도 하마(下馬)하지 않고는 통과할 수 없었으며 말이 움직이지 않았다고 전한다. 오랜 세월이 지나고 또한 이곳을 지나는 고관들이 그때마다 하마하기가 귀찮아하던 차에 교만방자한 어떤 고관이 통과할 즈음에 시위자(侍衛者)가 하마할 것을 아뢰니 그 고관은 고약한 버릇이라며 하마는커녕 되려 방화소각(放火燒却)하라고 명하였다. 그러자 종자(從者)는 두려움에 몸을 떨며 우물쭈물하며 소각치 않으니 고관은 대로하여 더욱 엄한 불호령을 내리니 하는 수없어 사당을 방화소각하고 말았다.
그런데 이게 무슨 변괴란 말인가, 사당을 불지른 그날 밤에 고관은 아무런 이유없이 급사(急死)하였고 불지른 종자들은 병에 걸려거동을 못하게 되었다. 이 소문을 들은 사람들은 대경실색하여 즉시 사당있던 곳으로 달려가 무지(無知)한 인간의 잘못을 뉘우치고 빌면서 성대한 기원제를 올리고 불공(不恭)을 사하여 줄 것을 기원하니 죽은 고관은 되살릴 길이 없으나 거동 못하던 종자들은 즉시 쾌차하였다. 이런 일이 있은 후부터는 다시 그런 일이 없었으며 관청과 인근 주민들이 협력하여 관로(官路)를 피하여 현위치인 함안군 가야읍 광정리 조남산성하(造南山城下)에 중건(重建)하였는데 공적(公的)인 치제(致祭)는 없으나 인근주민중에 신봉자가 많아 치성드리는 사람이 끊이지 않았다.
그런데 조대감이 어찌하여 조대각시로 변하였는지에 대하여는 조대감의 부인이 두분이었는데 두부인을 같이 사당에 모셨다. 신자중에는 여인들이 많아 조대감보다도 대감부인을 숭배하였으며 아들을 낳지 못하는 여인이 치성을 드리면 득남의 효험을 얻었다고 전한다. 이리하여 조대감부인이 조대감각시로 (이 지방에는 시집간 여인을 각시라고 부름) 변하고 다시 감자를 뺀 조대각시로 불리워진 것이라 생각한다.
현재의 사당은 조남사에서 관리하고 있는데 원래의 사당이 오랜 세월에 훼손되었으나 중수하다가 오히려 무슨 변고나 당하지 않을까 겁을 먹어 손도 못대던 것을 약 10년전에 조남사에서 간결하게 중수하였다."
황새의 보은,https://www.haman.go.kr/01834/01862/02166.web?amode=view&idx=17&cpage=3,"옛날 백사리(白沙里) --- 지금의 가야읍 사내리 --- 에 박 일동(朴逸同)이라는 사람이 살았는데 그 집에는 고목나무 한그루가 있었다. 이 고목 나무에는 해마다 황새가 날아와 집을 짓고 새끼를 치며 살았는데 어느해 태풍이 몰아치던 날 나무가 부러지면서 두 마리의 새끼가 떨어지고 말았다.
미처 날지도 못하는지라 한 마리는 그 자리에서 죽고 한 마리는 크게 부상을 입어 거의 죽어가고 있는 것을 일동이는 불쌍히 여겨 극진히 간호하여 살려낸 뒤 집을 마련하고 먹이를 주어 닭처럼 키웠다. 일동이는 황새의 이름을 관산(觀山)이라 짓고 먹이를 줄 때마다 「관산아!」하고 부르면 이 관산이는 대답하듯 꾸꾸하면서 쫓아와 주인의 바지가랑이에 목을 묻곤 하였다. 이같이 하여 사람과 미물간에 정이 든지 수년 어느날 관산은 먹이를 찾아 날아간 후로는 다시 찾아 오지 않았다.
일동은 걱정이 태산 같았다. 사람에게 잡혀 죽었는지? 혹은 짐승에게 먹혔는지? 아니면 병들어 죽었는지? 사람과 미물의 사이라고는 하지만 수년에 걸쳐 쌓인 정을 떨쳐 버릴 수 없어 일동은 아침 저녁으로 관산의 집을 돌보며 한숨짓곤 하였다.
그럭저럭 수개월이 지난 어느날 일동은 관가에 볼일이 있어 의복을 정제하고 신을 신으려 할 때에 「관산이가 왔다.」 하며 기뻐서 날뛰는 가족들의 환호에 하늘을 쳐다보니 과연 관산이가 하늘을 선회하다가 자기 앞으로 쏜살같이 날아오지 않는가? 일동의 앞으로 날아온 관산은 기쁜 듯 꾸꾸하며 두어번 울고는 일동의 신 안에서 독사를 물어내어 쪼아 죽이고는 집을 여러 바퀴 돌다가 멀리 날아간 후로는 다시는 돌아오지 않았다. 그리하여 사람들은 미물인 황새도 은혜를 베풀어 주인의 생명을 구하는데 하물며 사람으로서 배은망덕 해서야 되겠는가 하며 크게 깨달았다고 전한다."
효자 앵두나무,https://www.haman.go.kr/01834/01862/02166.web?amode=view&idx=18&cpage=3,"임진왜란 이후 3백 70여년 쯤에 가야읍 백산고을에 성품이 청렴결백하고 효행이 돈독(敦篤)했던 선비가 있었다. 윗대에는 대가벌족(大家閥族)으로 중앙을 무대로 삼던 특권층(特權層)에 속하였다. 그당시 중앙의 정치정세(政治情勢)의 불안과 탐관오리(貪官汚吏)들의 부조리(不條理)함을 꺼려서 일찍 하향(下鄕)해서 은둔생활(隱遁生活)을 하였던 것이다.
위로는 부모님을 모시고 아래로 자녀를 거느리고 낮이면 들에 나가 흙과 벗삼고, 밤이면 사랑방에 자녀들을 불러 모아 글과 행실을 가르치며 평화롭게 살아가는, 지위도 명예도 권세도 없는 평범한 농부였다. 어릴 때부터 근신(謹愼)하고 어버이 뜻을 어기지 아니 하였다. 서당에 다니면서도 배움에는 마음이 없고 오로지 어버이 봉양에만 뜻을 두어 저녁이면 잠자리를 도와 드리고 아침 일찍 문안하는 범절을 다 하였다.
조석(朝夕)으로 음식 드리기를 성심과 성의를 다하여 처음부터 끝까지 지치거나 게으름이 없었다. 어버이께서 병으로 불안하시면 근심의 빛이 얼굴에 떠있고, 음식을 전폐하면 밤새도록 눈 한 번 붙이지도 아니하였다. 또한 야삼경(夜三更)에 하늘의 별을 바라보고 어버이 대신 고통받기를 마음속으로 기도하기도 하였다.
아버님의 등에 등창이 나서 종기에 고름이 가득해지자 입으로 빨아내어 시원하게 해드리니 마침내 병이 완치되어 아무러졌다. 그렇게도 병간호를 지극히 하였건만 천명으로 병세가 위급하여 운명(殞命)하시려 할 제 효자는 손가락을 끊어 피를 드리우게 하니 한나절 동안 다시 소생(蘇生)하였다가 끝내는 운명하고 말았다.
아버지가 운명하시자 애통에 잠긴 나머지 3년동안 굴건제복(屈巾祭服)을 벗지 아니하였다. 장례를 지낸 뒤에도 매일 산소를 살피고 엎드려 통곡함으로 무릎의 옷이 닳고 떨어져 구멍이 나기에 이르렀다고 한다. 그때 효자의 나이 이미 예순이 넘은 백발이었건만 그의 어머님께서 앵두를 즐기시니 몸소 앵두나무를 심어 정성을 다하여 키우니 해마다 많은 앵두를 즐겨 잡수시던 어머니가 별세를 하시자 매양 앵두나무를 어루만지며 슬퍼하였다.
그후 앵두나무에는 꽃만 피었지 열매는 맺지 아니하였다고 한다. 이를 보고 사람들은 신기(神奇)하고 이상하게 생각하여 그 앵두나무를 ""효자나무""라고 일컬었다."
