이름,링크,특칭,설명
이방실,https://www.haman.go.kr/01834/01862/02186.web?amode=view&idx=2186,"홍건적을 물리친, 이방실 장군 (1298~1362)","이방실 장군은 고려시대(高麗時代)에 판도판서(版圖判書)를 지낸 이원(李源)의 아들로서 고려 공민왕때의 유명한 구국장군으로 함안 이씨(咸安李氏)의 중시조이다. 그는 고려 충렬왕 24년(1298)에 지금의 경남 함안군 여항면 내동에서 투우봉의 정기를 이어 받아 태어났으며 고려 말엽의 외침(外侵)에 의한 존망(存亡)의 위기를 누차에 걸쳐 구한 맹장이다. 그는 고려 오백년 역사를 지킨 4성군(四聖君)과 16공신 중의 한 사람으로서 현재 경기도 연천군 미산면에 소재하는 숭의전(崇義殿)에 배향(配享)되어 국가에서 춘추(春秋)로 제사를 지내고 있다.
이방실 장군은 충목왕(忠穆王)을 따라 원나라에 들어가 시종할 때 뛰어난 지모(智謀)와 무용(武勇)으로써 왕을 안전하게 보필한 공으로 왕이 즉위하자 그 지략을 인정하고 인품을 가상(嘉尙)히 여겨 중랑장(中郞將)에 보하였고 호군(護軍)에 옮겨 전(田) 백결(百結)을 하사(下賜)하였다 .1354년(공민왕3)에 대호군(大護軍)으로 올라 선성(宣城)에서 다루가치 노연상(魯連祥)이 모반하자 용주(龍州)의 병사를 이끌고 이를 진압하였다. 1359년(공민왕8)에 우리 나라를 침략한 홍건적의 괴수 모거경 위평장(僞平章)등은 4만의 홍건적(紅巾賊)을 이끌고 압록강의 얼음판을 건너와 의주(義州)를 함락하고 이 나라 관원(官員)인 부사(副使) 주 영세(朱永世) 및 주민 천여명을 죽이고 다시 정.린주(靜.麟州)를 함락하여 도지휘사(都指揮使) 김 원봉(金元鳳)을 살해하므로써 드디어 안주(安州)에 웅거하였다. 이때 이방실 장군은 안주만호(安州萬戶)로 안우(安祐), 이음(李蔭), 이인우(李仁祐) 등과 협력하여 적을 압록(鴨綠) 서경(西京)간에서 격파한 공으로 이방실 장군은 추성협보공신 추밀원부사(推誠協輔功臣 樞密院副使)로, 안 우는 추충절의정란공신 중서평장정사(推忠節義定亂功臣 中書平章政事)로, 김 득배는 수충보절정원공신 정당문학(輸忠保節定遠功臣 政堂文學)으로 제수되었다.
뒤에 홍건적(紅巾賊)이 전함 70여척으로 서해도(西海道)에 재침하자 풍주(豊州)에서 이를 물리치니 왕은 크게 기뻐하며 제신(諸臣)에게 향연을 내리시고 이방실 장군에게 옥대(玉帶)와 옥영(玉纓)을 하사(下賜)하였다. 이때 공주가 이를 보고 말하기를 ""어찌 지보(至寶)를 사랑하지 않고 가볍게 남에게 주시나이까"" 하니 왕이 말하기를 ""우리 종사(宗社)가 폐허가 되지 않게 함은 다 방실의 공(功)이다. 내가 비록 살을 베어 주더라도 오히려 능히 보답하지 못하겠거늘, 하물며 이 물건이 어찌 아까우리요"" 라고 말하였다. 왕이 말씀하신 사실로 보아 우리 민족을 구한 충렬공 이방실 장군의 업적은 성웅(聖雄)임과 동시에 위대한 맹장임을 누구나 다 알 수 있을 것이다.
1362년(공민왕11)에 이방실 장군은 서북면 도지휘사(西北面 都指揮使)로 제수되어 총병관(總兵官) 정세운(鄭世雲), 안우(安祐), 김득배(金得培), 황상(黃裳), 한방신(韓方信), 이여경(李餘慶), 안우경(安遇慶), 최영(崔瑩) 등과 함께 20만 대군을 이끌고 동교(東郊)의 천수사(天壽寺) 앞에서 진을 치고 서울을 포위하여 적을 섬멸하고 잔적을 압록강 너머로 격퇴, 개선하게 되었다.
이와 같은 구국의 공을 평소부터 시기하던 간신(奸臣) 김용(金鏞)은 위계(僞計)로 불세출(不世出)의 대공을 세운 3원수인 안우, 김득배와 더불어 이방실 장군을 살해하고 말았다. 이때 이방실 장군의 아들 중문(中文)은 나이 겨우 10여세였으나 당시의 사람들은 ""지금 우리 모두가 침식을 편히 함은 다 원수님의 공이다""라고 하면서 그를 극진히 보호하였다 한다. 국난(國亂)을 극복한 영웅들 가운데 이방실 장군을 비롯한 김득배, 안우 등 고려 3원수가 국운이 누란(累卵)의 위기(危機)에 처하여 서울 이 함락되고 거의 대부분의 국토가 홍건적에게 빼앗겨 나라마저 잃을 시기에 외세(外勢)의 도움없이 이를 수복구국(收復救國)하였다는 것은 고구려의 영양왕때 수나라 백만 대군을 물리친 을지문덕(乙支文德)장군 이나 조선조 선조(朝鮮朝 宣祖)때 임진왜란(壬辰倭亂)을 평정(平定)한 이순신(李舜臣)장군의 공(功)과 더불어 우리 민족사(民族史)에 길이 빛날 것이다."
이태준,https://www.haman.go.kr/01834/01862/02187.web?amode=view&idx=2187,몽골에서 神醫라 불린 순국선열 이태준(李泰俊) (1883.∼1921.),"자는 원일(元一는),  호는 대암(大岩)이다. 본관은 인천이며 몽골에서 항일독립운동을 한 순국선열이다.
1883.11.21. 경남 함안군 군북면 명관리에서 가난한 농사꾼의 2형제 중 장남으로 태어났다. 어릴적 군북 도천재 서당에서 한학을 배웠다. 부모님과 아내를 모두 원인도 모르는 병으로 잃고 1906년 돈을 벌기 위해 서울로 상경하였다.
타고난 근면성실함을 인정받아 기독교 선교사를 통해 1907년 세브란스의학교에 입학하여 1911년 6월 세브란스의학교 제2회 졸업생으로 의사가 되었다.
세브란스의학교 재학시설 도산 안창호 선생의 감화를 받아 항일 독립운동에 뜻을 세우게 되고, 도산 안창호선생이 최남선선생에게 추천하여 청년학우회에 가입하였다.
1911년 105인사건에 연루되어 중국 남경으로 망명하여 기독회의원에서 일하게 되었다. 1914년 김규식선생의 권유로 다시 몽골로 건너가'동의의국(同義醫局)'이라는 병원을 개원하고, 김규식의 사촌여동생(김은식)과 결혼하였다.
몽골에서 근대적 의술로 전염병을 퇴치하는데 크게 기여하였고, 몽골의 마지막 국왕의 주치의가 되어 1919년 7월 몽골 최고의 훈장인 에르데니 인 오치르를 수여받았다.
			현재까지도 몽골에서는 신의(神醫)로 불린다.
또한'동의의국(同義醫局)'은 중국과 러시아를 연결하는 독립운동 거점기지로 독립운동가들의 숙식과 편의를 제공하였으며, 몽골에 사는 동포들의 영사관 역할을 하였다.
뿐만 아니라, 독립운동 자금을 조달하는 등 주요한 비밀 항일활동에 큰 역할을 했다.
신한청년당 대표로 파리강화회의에 참석한 김규식의 참석경비 2천원을 제공하였고, 상해임시정부의 군의관 감무(監務)로 활약하였으며, 한인사회당과 의열단 비밀요원으로 활동하면서 의열단에 폭탄제조기술자 헝가리인 마쟈르를 소개하여 마쟈르의 도움으로 제조된 폭탄들로 황옥경부 사건, 김시현 사건을 비롯한 의열단의 파괴공작을 펼칠 수 있었다.
특히, 1920년 레닌정부가 상해임시정부에 지원하기로 한 200만 루블의 금괴 중 한인사회당에 지급하기로 한 40만 루블의 금괴 일부를 전달하는 임무를 맡아 8만 루불 금괴를 성공적으로 전달하였으나 1921년 2월 2차 4만 루블의 금괴를 추가로 전달하는 과정에서 러시아 몽골 점령군에 속해 있던 일본군에 의해 교살되었다. 당시 그의 나이 38세였다.
2001년 몽골 울란바토르시에 '이태준 기념공원'이 조성되었으며,기념공원에는 기념관, 가묘, 추모비, 비석 등이 있다.
1980년 대한민국 대통령표창 서훈, 1990년 대한민국 건국훈장 애족장 추서,국가보훈처의 2017년 2월 이달의 독립운동가로 선정되었다."
주재성,https://www.haman.go.kr/01834/01862/02188.web?amode=view&idx=2188,조선후기 학자 주재성(周宰成) 선생 (1681~1743),"신재 주세붕의 방손(傍孫)인 주재성(周宰成, 1681~1743) 선생은 칠원 무기사람으로 조선후기 학자이며 의병장이었다. 자는 성재(聖哉), 호는 국담(菊潭). 본관은 상주(尙州)였다. 어릴 때부터 비범하였으며 자신의 영달을 좇지 않고 오직 몸과 마음을 닦고 학업수양에 전념했다. 1728년 영조 4년 이인좌, 정희량이 난을 일으키자 의병을 세워 낙동강을 건너 대구에 이르매 관찰사 황준이 크게 기뻐하면서 김해 7읍의 군졸 3천을 주어 영호남의 요새인 분치령을 방어케 하였다. 전쟁 중 군량미가 부족하자 가산을 털어 군졸을 먹이니 사기충천하여 역적 정희량 등을 섬멸하고 난을 평정했다.
이에 군졸들이 국담공(菊潭公)의 은덕에 보답하기 위해 돌아오는 길에 공의 정원에 작은 연못을 파고 고기를 방사(放飼)하여 산수지락(山水之樂)을 누리게 하였는데 「菊潭」이라 명명한 이 연못은 1984년 12월 24일 중요민속자료 제208호로 지정되었다. 나라에서 긴히 중용하려 하였으나 벼슬에 나아가지 않고 오직 성현의 학문탐구에 전력하였으며 후진양성에 힘썼다. 선생이 돌아가신 3년 뒤 승정원 좌승지 겸 경연참찬관의 벼슬이 내려졌고 1783년 영남유생의 상소에 따라 정여(旌閭)가 내렸다.
선생의 문집을 후손들이 모아 1848년 현종때 담원집 2권과 부록 2권을 목재에 양면 판각한 국담문집책판이 전해오고 있으며 1985년 1월 14일 도 유형문화재 제242호로 지정되었다. 또한, 칠원읍 무기리 966번지 내 주재성의 생가에 있는 무기연당은 비교적 원래의 형태를 잘 간직하고 있는 조선 후기의 연못으로 정원문화 연구에 좋은 자료이기도 하다."
조순장군,https://www.haman.go.kr/01834/01862/02189.web?amode=view&idx=2189,위화도회군을 반대한 조순 장군 (？∼1398),"선생은 고려말의 인물로 이성계 조민수와 함께 요동을 공격할 적에 좌중군(左中軍)에 임명된다.
위화도(威化島)에 이르러 의논이 회군쪽으로 기울자 그는 ""변방의 국가가 상국(上國)을 범(犯)하는 것은 옳은 일이 못되나 임금의 명(命)을 듣지 않고 회군하는 것은 더욱 옳지 않다""고 말하고 낙향하여 문을 닫아 걸고 두문불출하였다.
조선이 건국되어 태조 이성계가 여러번 불렀으나 관직에 나아가지 않자 특명으로 집앞에 하마비를 세우도록 하였다. 뒤에 충현사(忠賢祠)를 세워 향사(享祀)하였다."
주세붕,https://www.haman.go.kr/01834/01862/02190.web?amode=view&idx=2190,서원의 창시자 주세붕 (1495~1554),"1495년(연산군1)에서 1554년(명종9)의 사람으로 자(字)는 경유(景游), 호(號)는 신재(愼齋), 남고(南皐), 무릉도인(武陵道人)이고, 본관(本貫)은 상주(尙州)이다. 용양위 부사과(副司果)로서 이조참판에 증직된 문보의 아들로 태어났다.
6세에 소학(小學)에 능통했고 10세에 사서(四書)를 모두 읽었고 말을 하면 모든 사람들이 놀랄 정도로 총명하였다. 1522년(중종17) 생원시(生員試)에 합격하고, 이해 겨울에 별시문과(別試文科)에 급제하여 승문원에 들었고, 1524년에 정자(正字)가 되었다가 사가(賜暇)를 받아 호당(湖堂, 일명 讀書堂)에 들어 공부하고 예문관 검열(檢閱)에 피선 되었으며 홍문관 정자에 옮겨져 수성잠(守成箴)을 지어 올렸고 이내 저작으로 옮겨졌다. 1527년에 박사(博士)로서 부수찬(副修撰)에 올랐다.
겨울에 큰 우뢰 소리가 있음에 옛 일을 상고하라는 명령을 받고 시전(詩傳)의 시월편을 써 올렸는데 그 때에 김안로(金安老)가 모사(謀事)하며 배척하여 강원도도사(江原道都事)에 좌천되었다."
조려,https://www.haman.go.kr/01834/01862/02191.web?amode=view&idx=2191,생육신 조려 (1420~1489),"1420년(세종2)에서 1489(성종20)년까지의 사람으로 생육신(生六臣)의 한 사람이다. 자는 주옹(主翁)이고, 호는 어계은자(漁溪隱者)이다. 함안(咸安)사람으로 태어나서부터 재주가 뛰어나고 인품이 출중하여 두각이 뚜렷하게 나타났다. 사람마다 훌륭하게 될 그릇이라고 칭찬이 자자하였다. 글공부에 남달리 힘쓰고 그 공부의 요령이 대의를 통투(通透)하는데 힘쓰고 헛되게 뜻모르고 암송하는 버릇을 따르지 않았으며, 미사여구(美辭麗句)를 따서 짓는 모방적인 습성을 배격하였다.
1453년(단종1)에 성균관 진사시험에 합격하였다가 당시 학계의 유종(儒宗)으로 이름높은 형조판서 김 종직(金宗直)의 시험관 밑에 응시하여 장래가 촉망되었으나 세조가 왕위를 찬탈(簒奪)하자 그 불의(不義)에 항거하였다. 조 려(趙旅)는 어느날 문생(文生)과 작별하고 함안(咸安)에 돌아온 후 과거에 뜻을 두지 않고 두문불출(杜門不出)하고 말았는데 그의 시문(詩文)에도 김 시습의 시문에서 보는 바와 같이 고사리를 뜯어 먹으면서 은둔생활(隱遁生活)을 하겠다는 의미의 구절이 포함되어 있다.
1455(단종3)에 왕위선양이 있은 후로는 스스로 어계처사(漁溪處士)라 하고 산수간에 상양하면서 살았다. 그리하여 그는 백이산(伯夷山)과 약간 떨어져 있는 정암산(鼎岩山) 부근에다 몸담을 데를 만들어 놓고 독서와 낚시로 여생을 보내었다.
이조 정조 5년(1781)에 이르러 정조는 그의 정충(精忠)과 고절(高節)에 감격하여 그에게 이조판서란 벼슬과 정절공(靖節公)이란 시호(諡號)를 내려 그의 충혼(忠魂)과 의백(義魄)을 위로하였다.
그런데 세조는 단종을 강봉(降封)하여 노산군으로 한 후 그를 강원도 영월에 안치해 놓고 청령포에서 배타는 것까지 엄금하였는데 이것은 영월과의 교통을 두절시키기 위함이었다.
1699년(숙종25)에 단종의 왕위가 복위되자 이조참판을 추증(追贈)하고 백이산(伯夷山)아래에 사당을 건립하여 생육신의 한 사람으로 배향되었다. 이 사당을 서산학원(西山學院)이라 사호(賜號)하였다."
이오,https://www.haman.go.kr/01834/01862/02192.web?amode=view&idx=2192,여말 충신 이오,"선생의 호(號)는 모은(茅隱)이고 본관(本貫)은 재령(載寧)이다. 어려서부터 뜻이 크고 뛰어난 기개(氣槪)가 있어서 세속에 구속을 받지 않았으며 일찍이 포은 정 몽주(圃隱 鄭夢周), 목은 이색(牧隱 李穡) 두 선생의 문하에 종유(從遊)하면서 의리의 학문에 독실하여 당시의 학자들로부터 존경을 받게 되었다.
공양왕때 성균관 진사시에 합격하니 포은(圃隱)선생께서 벼슬하기를 권고했으나 시기가 적합하지 못하다 하여 사양하였다.
고려가 망하자 여러 현인(賢人)들과 함게 송도교외의 두문동(杜門洞)으로 들어가서 망복수의(罔僕守義)의 결의를 표명하고는 남쪽으로 내려와서 함안의 모곡에 복지(卜地)를 정하여 은거(隱居)하였다.
그는 자신이 끝까지 고려유민임을 나타내기 위하여 복거지의 주위에 담을 쌓아 이 담밖은 신왕조(新王朝) 조선(朝鮮)의 영토이지만 담 안은 고려유민 즉 고려동(高麗洞)임을 명시하였다.
후에 3대(三代) 태종(太宗)이 여러번 출사(出仕)할 것을 바랬으나 끝내 나가지 않았다.
그는 아들에게 경계하기를 「너 또한 고려왕조(高麗王朝)의 유민(遺民)이니 어찌 신왕조(新王朝)에 벼슬할 수 있겠는가 내가 죽은 후에라도 절대 신왕조(新王朝)에서 내려주는 관명은 사용하지 말고 또 나의 신주(神主)도 이곳 고려동(高麗洞) 담안을 떠나 다른 곳으로 옮겨서는 안될 것이다.」라고 하였다. 그의 유언에 따라 사후(死後) 묘비(墓碑)에는 글 한자 없는 백비(白碑)를 세웠다.
1796년(정조20) 경남 합천군 가회면 둔내리 운구서원(雲衢書院)에 홍재(洪載), 조열(趙恱)과 함께 봉안되었다."
이호성,https://www.haman.go.kr/01834/01862/02193.web?amode=view&idx=2193,청백명관 이호성 (1397~1467),"호는 동산(東山)이며, 삼중대광(三重大匡) 광평군(廣平君) 이능(李能)의 5세손(五世孫)으로 태조 7년(1398)에 금산(金山)하노(賀老)에서 태어났다.
어려서 부터 학문에 열중하고 무예에 출중하였으며 달리는 말을 잡을 수 있었다. 세종(世宗)때 무과(武科)에 올라 사복시직장 군기부정(司僕侍直長軍器副正)을 거쳐 거제현감(巨濟縣監)에 임명(任命)되어 왜구의 침입에 대비하여 성(城)을 쌓고 변비(邊備)를 튼튼히 했다.
그후 보성(寶城), 경산(慶山)고을을 맡아 청백명관(淸白名官)으로 알려져 첨지중추부사에 임명되었다.
그 사람됨으로 임금 친필의 ""무용청개(武勇淸介)""의 액자를 하사(下賜) 받았다. 그 후 여러 요직(要職)을 거쳐 병조판서겸 오위도총부도총관지중추부사에 올랐다.
단종(端宗)때 국정이 불안해지자 노모(老母)의 봉양(奉養)을 애걸하여 경주부윤(慶州府尹)으로 나갔다가 좌병사를 거쳐 행효(行孝)로 경상좌도처치사(慶尙左道處置使)의 직책을 맡았다.
소(疎)를 여러번 올려 영해-하동에 걸친 20여주(州)에 대한 방비(防備)를 강화하도록 하였고 여러주에 축성(築城)토록하여 외적이 감히 침범치 못하도록 하였다. 만년(晩年)에 고향에 돌아와 하세하였으며, 정무(靖武)의 시호(諡號)가 내려졌다."
윤석보,https://www.haman.go.kr/01834/01862/02194.web?amode=view&idx=2194,충간으로 일생을 마친 윤석보 (?~1505),"자는 자임(子任)이며, 윤지(尹志)의 질(姪)이다. 성종(成宗)때 과거(科擧)에 급제하여 절성군수(浙城郡守), 순천군수(順天郡守))를 거쳐 홍문관직제학지제교겸 경연대강관 춘추관 편수관(弘文館直提學知製敎兼經筵待講官春秋館編修官)을 지냈다.
연산군(燕山君)때 임금의 잘못을 간(諫)하다가 강음(江陰)으로 귀양가 일생을 마쳤다. 중종반정(中宗反正) 후 도승지(都承旨)로 증직(贈職)되고 선조(宣祖)때 청백리(淸白吏)에 선록(選錄)되었다."
박진영,https://www.haman.go.kr/01834/01862/02195.web?amode=view&idx=2195,우국충절의 용장 박진영 (1569~1641),"국난을 당하여 자신을 돌보지 않고 분연히 일어서 충절을 다한 인물이 얼마나 되겠는가, 우리는 역사상 나라가 위태로웠을 때 창의하여 국난을 이겨낸 인물들을 몇몇 기억할 수 있을 것이다. 그들의 생애를 돌아보면 누구하나 자신을 몰각하고 강개한 기개로서 일어서지 않은 사람이 없었다. 더욱이 초야에 있는 사람으로서 구국의 길을 택했던 경우를 볼 때 다시 한번 고개 숙여진다. 선생의 성은 박씨요 이름은 진영(震英) 자는 실재(實載) 호는 광서(匡西) 본관은 밀양이다. 아버지 오(旿)는 호가 동천(桐川)으로 뒤에 형조판서에 증직되며 여양서원에 배향되었다. 어머니 재령 이씨는 부제학을 지냈던 이 중현의 증손이요 현감을 지냈던 이경성의 딸이다.
선생은 선조 2년(1569) 11월 19일에 함안군 검암촌에서 출생하여 태어나면서부터 기개와 행동이 범인과 달랐다. 일찍이 한강(寒岡) 정구(鄭逑)선생 문하에서 수학하여 그의 학문과 덕행이 두드러졌다. 임진년 왜란이 일어났을 때 고향에서 창의하여 공훈을 세우니 그로 인해 군자감 참봉에 임명되었고 뒤에 권률장군휘하의 장군으로 있으면서 활약하다가 선조27년(1594)부친상을 당하며 고향으로 돌아가 장례를 치루고 다시 조명에 의해 원수부에 나아가 적을 맞아 싸웠다.
왜란이 끝나고 공신을 책봉할 적에 선생은 선무원종 2등공신에 녹훈(錄勳)되고 선조 32년(1599)에는 용궁현감에 임명되었다. 선조 34년(1601) 벼슬을 버리고 낙향하여 선조38년(1605) 왕명으로 경원판관(慶源判官)에 임명되었으나 병을 칭하고 관직에 나아가지 않았다. 이동안에 선생은 정 한강(鄭寒岡) 장려헌(張旅軒) 곽망우당(郭忘憂堂) 등 여러 선생과 함께 낙강에서 뱃놀이하며 시문을 짓고 학문을 궁구하기도 했다. 이 모임에는 30여명의 명현이 모여 그뒤 기락편방(祈洛編芳)이라는 사적이 간행되어 세상에 전한다.
선조 41년(1608)에 의주통판(義州通判)이 되었다가 광해군 6년(1614) 경흥도호부사에 임명되었다. 광해군 9년(1617)왕이 폐모(廢母)했다는 소식을 듣고 울분을 참지 못하여 벼슬을 버리고 낙향하려 했으나 조정의 압력으로 뜻을 이루지 못하고 폐모반대를 하던 백사 이 항복이 북청의 적소에서 별세했다는 소식을 듣고는 남의 눈을 개의치 않고 미포(米布)와 장구(葬具)를 갖추고 가서 장례를 치뤘다.
광해군 11년(1619)에 통정대부(通政大夫)에 올라 순천군수겸 관우수어사가 되어서는 향교를 중수하고 강당을 열어 유생들을 강학(講學)케 하고 상벌을 엄하게 하는 등 사습을 바르게 하는 치적을 쌓았다. 광해군 12년(1620)에 전라도 병마절도사에 임명되었으나 당시 청의 세력이 밀어닥치므로 서방이 동요하여 선생을 다시 순천군수에 유임시켰다.
인조 2년(1624) 이괄(李适)이 반정공신책봉에 불만을 품고 영변에서 반란을 일으켰다. 난이 일어나자 선생은 도원수(都元帥) 장만(張晩) 의 진영으로 달려가 우협대장(右脇大將)이 되어 두 아들과 함께 난의 진압에 전력을 기울였다. 선생은 과감한 계책으로 난을 진압하는 데에 성공하였고 논공행상(論功行賞)이 있자 두 아들과 함께 진무일등공신에 책봉되어 가선대부(嘉善大夫)에 올라 황해도 방어사가 된다. 선생은 논공이 못마땅하였지만 누구도 원망하지 않고 임지에 부임하여 1년을 지내다가 분연히 벼슬을 버리고 고향으로 돌아와 버리고 만다. 그 뒤 인조 4년(1626)판서 김 시양이 이괄의 난을 진압할 때 선생의 공훈을 왕에게 아뢰니 병조참판(兵曹參判)을 제수했으나 일시 조정에 나아갔다가 병을 칭하여 향리에 돌아오고 말았다.
이해 3월부터 선생은 두문불출하여 독서에만 전념하였다.인조 7년(1629) 조정에서는 김시양(金時讓)을 보내어 다시 출사하도록 권유해 보았으나 선생은 ""내 본시 재덕이 없는 자로서 국은(國恩)을 깊이 입어 직위가 2품에 이르고 영화가 3세에 이르렀으니 신자의 분에 넘치는 지라 이제 이미 늙었고 또 병들었으니 나라일에 무슨 도움이 되겠는가""라고 하면서 사양하고 조정을 찾지 않았다.
인조 14년(1636) 12월 청병이 압록강을 넘어 국토를 유린하고 왕은 남한산성으로 피신했다는 소식을 듣고 선생은 70고령에도 불구하고 관찰사 심연에게 달려가 근왕병(勤王兵)을 일으킬 것을 요구했으나 뜻을 이루지 못하여 단신으로 남한산성을 향하여 달려 갔다. 다음해 정월 선생이 조령(鳥嶺)을 넘어섰을 때 적에게 항복하고 치욕스러운 화의가 맺어졌다는 소식을 듣고서는 울분을 참지 못하여 ""임금이 오랑케놈에게 항복하고 동방수천리가 금수의 지역이 되었으니 무슨 낯으로 천일을 우러러 보랴""고 목놓아 울부짖고 기절하였다.
선생은 이후 근심으로 나날을 보내다가 인조 19년(1641) 11월 29일에 별세하시니 향년이 73세 였다. 돌아가신 뒤 인조22년(1644)에 자헌대부 호조판서겸 지의금부사(資憲大夫戶曹判書兼知義禁府事)가 증직되었고 동27년(1649)에는 숭정대부판돈녕부사 겸판의금부사 오위도총부도총관에 추배되었다. 영조 35년(1759) 사림이 도계서원을 세워 향사하였고 정조 22년(1798)존주록에 등재되었으며 고종 17년(1880) 삼황대보단에 배향되었다."
이인형,https://www.haman.go.kr/01834/01862/02196.web?amode=view&idx=2196,충간으로 일생을 바친 이인형 (1436~1497),"조선조(朝鮮朝) 오백년 동안에 있어서 정치적으로 가장 어려웠던 연산조때 충간(忠諫)으로 일생을 마친 매헌(梅軒) 이 인형(李仁亨)은 본관(本貫)이 함안(咸安)이다.
그는 대사성(大司成) 이 미(李美)의 큰아들로 1436년(세종18)에 함안(咸安)에서 태어나 11세 되던 해에 진양군 진성면 월아산록 가좌촌으로 이주하고 부친이 지방 자제 교육을 위해 지은 육영제(育英齊)에서 수학하였는데 어릴적부터 남달리 총명하고 학문에 열중하였으며 의(義)로운 일에 앞장서고 협력하는 인자한 성품의 소유자였다. 그는 20세에 진사(進士)에 합격하고 33세에 문과에 장원급제하였으며, 내직으로 교리(校理) 응교(應敎)를 거쳐 대사간(大司諫) 대사헌(大司憲) 등의 요직을 역임하였고 연산군 5년에는 정조사(正朝使)로 중국 명나라에 가서 외교 활동도 하였다.
연산군 원년 12월 3일에 사간원(司諫院) 대사간(大司諫)으로 임명되었는데, 당시 영남의 사림 출신으로서 대개 연소기예(年少氣銳)하여 대간(臺諫) 홍문관(弘文館)에 직을 맡았으며 진보적 사고를 갖고 보수적인 중앙 기성 벌열세력(閥閱勢力)을 소인 속배(俗輩)라 공격하다보니 정치적 알력이 생겨 대옥사(大獄事)가 일어났고 또 연산군은 그 유래를 찾을 수 없을 정도의 교자(驕恣)와 황음(荒淫)을 일삼아 문신의 직간(直諫)을 기피하려 하는데도 이 인형은 그의 지조(志操)를 굽히지 않고 충간으로 일생을 마치었다.
그는 연산군의 실정을 바로잡기 위해서 21회에 걸쳐 직간하였다. 연산군 2년 정월에 유점사와 낙산사에 소금을 공급하는 일에 대하여 대사간으로서 차자(箚子:간단한 서식의 상소문)로 간(諫)하기를 「대저 일에는 대소와 경중이 있는데 임금은 그 대소 경중(大小輕重)의 적의를 잘 살펴서 때에 맞추어 거조(擧措)하여야 합니다. 땅을 개간하여 이랑을 만들고 바닷물을 달여서 소금을 만드는 것입니다. 소금 고는 괴로움이 농상(農商)보다 고되므로 비록 국용(國用)만으로도 소민(小民)이 오히려 원망하옵는데 하물며 저 승도(僧徒)에게 공급함이라까? 승도는 부역을 벗어나서 놀고 먹으며 태평세대의 한민(閒民)이 되었으니 은혜를 입은 것이 이미 두터운데 하물며 백성을 여위게 하여 그들을 살찌게 함이리까? 무릇 폐단을 제거하고 백성을 편안히 하는 것과 함부로 소비하여 중을 구휼하는 것이 어느 것이 크고 어느 것이 작은 일입니까? 승도에게 그릇된 은혜를 베풀기 위하여 백성으로 하여금 못살고 떠돌게 한다면 작은 것을 기르다 큰 것을 잃는 셈이 되지 않습니까?...」(조선왕조실록 연산군 일기 2년 1월)라고 간하였으나 연산군은 듣지 않았다.
위의 차자(箚子)에서 그의 정치사상(政治思想)을 엿볼 수 있는데, 그는 백성의 고됨과 심정을 이해하고 폭정과 교자(驕恣)한 정치로 기울어져 가는 연산군을 올바른 군주로 인도하려 하였다. 연산군 3년 8월 29일에 이 인형은 전라도 관찰사로 임명되었으며, 그가 금산태수(金山太守)로 있을 때 개령(開寧)사람이 밭을 갈다가 돌부처를 얻었는데 눈, 코, 입, 귀가 다 없어진 채 밭두렁에 놓아 두었다. 우연히 천식을 앓는 사람이 절을 하였더니 병이 약간 덜한 것 같았다. 이에 영험하다하여 남녀가 좋은 천과 향촉을 가지고 찾아오는 사람이 밤낮으로 끊임이 없었으며, 중도 내왕한다는 말을 듣고 포졸을 보내어 잡아다가 쫓아버렸다. 점 필재(점 畢齊)가 시(詩)로써 태수를 치하하고 스스로 주석하기를「요골(妖骨)을 잡아 내쫓고 지전(紙錢)을 불살라 버려 어리석은 백성들로 하여금 밝게 그 잘못을 알게 하였으니 참으로 세상에 드문 기특한 일이다.」(대동야승 해동잡록Ⅰ)라고 하였다. 이와 같이 공의 관직 생활은 항상 보국제민(輔國濟民)의 단충(丹衷)으로 내직에 있어서는 충간(忠諫)을, 외직에 있어서는 해이된 사회기강을 바로 잡고 백성의 신고(辛苦)를 덜게하는 안민위주(安民爲主)의 선정(善政)을 베풀었다. 그러나 연산군의 실정을 충간으로는 불가함을 직시(直視)하고 연산군 9년 벼슬을 버리고 낙향하여 향년 68세를 일기로 별세하였다.
연산군 10년 갑자사화(甲子士禍)가 일어나니 무오사화(戊午士禍)때 죄없이 죽어가는 선비들을 구하고자 수 많은 직간 상소를 올린 수창자(首唱者)라 하여 삭탈관직(削奪官職)에 부관참시(剖棺斬屍)의 극형을 당하였다. 그러나 중종반정(中宗反正)이후 신원복관(伸寃復官)의 국령(國令)이 내리어 4년간의 고공(藁空)한 영구(靈柩)를 거두어 고향땅에 개장(改葬)하고 예조판서(禮曹判書)의 증직(贈職)이 내려졌다."
이효첨,https://www.haman.go.kr/01834/01862/02197.web?amode=view&idx=2197,용비어천가 짓는데 참여한 어효첨 (1405~1475),"자는 만종(萬從), 호는 구천(龜川)이며, 태종(太宗)5년(1405) 함안(咸安) 안인(安仁)에서 태어났다.
어릴때부터 학문에 열중하였으며 세종(世宗)때 생원(生員)을 거쳐 문과(文科)에 올라 검열(檢閱)의 직을 거쳐 집현전 교리(集賢殿 校理)가 되었다.
집현전응교(集賢殿應敎)로 춘추관기주관(春秋館記註官)이 되어 용비어천가(龍飛御天歌)를 짓는데 참여하였으며, 문종(文宗)때 집의(執義)를 거쳐 대사성(大司成)을 역임하였으며 세조(世祖)에 이르러 이(吏), 호(戶), 형(刑), 공조(工曹) 참판(參判)을 거치면서 부군당(府君堂)을 폐지시켰으며 사헌부 대사헌(司憲府大司憲)에 올랐다.
성종(成宗)때는 판중추부사(判中樞府事)를 지낸 후 퇴관(退官)했다.
사후(死後)에 문효공(文孝公)의 시호(諡號)가 내려졌으며 순충적덕보조공신 대광보국승록대부 의정부영의정 함종부원군(純忠積德補祚功臣 大匡補國崇祿大夫 議政府領議政 咸從府院君)으로 추증(追贈)되었다."
윤환,https://www.haman.go.kr/01834/01862/02198.web?amode=view&idx=2198,세 번 정승을 지낸 충효공 윤환(尹桓) (?~1386),"본관은 칠원(漆原)이며 시호는 충효(忠孝)공이다. 고려말기의 대신으로 출생연월일은 알 수 없으나 충의공 길보(吉甫)의 아들로서 충혜, 충숙, 충목, 충정, 공민, 우왕조에 벼슬에 나아가 세 번 정승을 지낸 후 1386년에 돌아가셨다.
충숙왕때 무관을 호군(護軍)이 되었고 충혜왕 때 대언(代言)을 지냈다. 1332년(충숙왕 복위1)충숙왕이 원나라에 있으면서 복위할 때 일어난 당옥(黨獄)에 연루되어, 해도(海島)에 유배되었으나 원나라로 망명했다.
1340년 충혜왕이 복위되자 동지밀직사가 되어 조정에 들어갔으며, 원나라로부터 행성원외랑(行省員外郞)의 관직을 받았다. 또 조적의 난 때 충혜왕을 시종한 공으로, 1342년 수성양절보리공신(輸誠亮節甫理功臣)에 책록되고, 1349년(충정왕 1) 칠원부원군(漆原府院君)에 봉해졌다.
1354년(공민왕 3) 찬성사(贊成事), 1356년 좌정승을 지냈으며 1360년 칠원후(漆原侯)의 작위을 받았다. 문하시중에 올랐다가 한 때 귀양을 갔으며 뒤에 칠원백(漆原伯)의 봉작을 받고 1371년 다시 문하시중이 되어 감춘추관사를 겸임했다. 우왕 때인 1380년 다시 문하시중에 올랐다.
동국여지승람(東國與地勝覽)에 「일찌기 칠원으로 돌아가기를 청하여 유동(柳洞)에 살았다. 그 해에 큰 흉년이 들어서 사람이 서로 잡아먹을 형편이었다. 환이 자기의 재물을 흩어서 구제하고 가난한 백성이 꾸어간 재물에 대한 문서를 모두 불살라버렸다. 그 때 한창 가물었는데 환의 밭에서 갑자기 물이 솟아나서 남의 밭까지 젖어들어 큰 풍년이 들었다. 이에 경상도 백성이 칭송해 마지않았다」고 했다."
이령선생,https://www.haman.go.kr/01834/01862/02199.web?amode=view&idx=2199,조선 후기의 의병장 이령(李伶) 선생 (1541~1592),"이령 선생은 1541년(중종 36년)함안군 가야읍 검암리에서 출생하였으며 조선후기 의병장이었다. 자는 여윤(汝允), 호는 충순당(忠順堂), 본관은 성산(星山)으로 어려서부터 효성이 지극하였으며 장성하여 갈천선생(葛川先生)밑에서 수학하여 성리학에 정통하였으며 자신의 영달을 좇지 않고 오직 몸과 마음을 닦고 학업수양에 전념하였다. 1592년(선조 25년) 임진년 4월 공이 52세 때 왜적이 동래성에 침입하여 위급하게 되었다는 소식을 듣고 의병 100여 명을 모집하여 백의종군(白衣從軍)으로 김해진(金海鎭)으로 달려가 주장 서예원에게 소속되었다.
공의 사람됨과 충성심, 정열의 웅장함을 보고 성의 요새인 동문장(東門將)을 맡아 지키게 했다. 많은 적을 참사하고 여러 번 격퇴했으나 동래성이 함락되자 김해 부사는 군민과 더불어 도주하면서 퇴각했다가 후일을 도모하고자 하였으나 선생은 「나의 신조가 충의(忠義)를 준수하여 왔거늘 어찌 국가의 존망을 목전에 두고 일신만을 생각하고 퇴각할 수 있겠는가?」하고는 결사보국의 뜻을 굽히지 않았다.
함께 참전한 둘째 아들에게 피묻은 적삼을 벗어 주면서 장차 이것으로 장사 지내라 하고 군병을 독려하여 분전하였으나 중과부적(衆寡不敵)으로 전사하게 되니 김해읍성이 함락되었다. 전쟁 후 시신(屍身)을 찾지 못하여 아들에게 맡긴 피묻은 적삼을 놓고 초혼장(招魂葬)을 지냈는데 선생의 묘소는 함안면 대산리 동지산(冬只山)에 있다. 나라에서는 곧 복호(復戶;군역 및 요역면제)를 명하고 고종 6년(1869년)에 영남 사림의 제청으로 정려(旌閭)가 내려졌다. 1880년 통훈대부사헌부감찰(通訓大夫司憲府監察), 을유(1885년)년에는 통정대부이조참의(通政大夫吏曹參議)에 증직되었다. 1980년 정부에서 사적비(事蹟碑)를 세우고 별묘(別廟), 묘소(墓所)등을 보수하였다.
가야읍 검암리 상검마을 뒷산 기슭에 충순당(忠順堂) 건물과 이령(李伶)의 사당이 남아 있다. 충순당은 단층 팔작목조와가(單層八作木造瓦家)이며 이령 사당은 단층 맛배목조와가로 되어 있다."
어세겸,https://www.haman.go.kr/01834/01862/02200.web?amode=view&idx=2200,탁월한 문장력과 담력으로 외교에 성공한 문정공 어세겸 (1430~1500),"공의 자는 자익(子益), 호는 서천(西川), 시호는 문정(文貞)으로 조선 전기의 대유(大儒)였던 문효공(文孝公) 효첨의 장남이다.
1430년 산인면 내인리에서 태어났으며 1456년 동생 세공과 함께 식년문과에 병과로 급제했다. 1459년 이문학관(吏文學官)으로 명나라에 다녀왔으며 이에 문명이 드러나 1467년에 우승지에 이르렀다. 1469년 강순·남이의 역모를 주살한 공으로 추충정난익대공신(推忠定難翊戴功臣)에 책봉되고 함종군(咸從君)에 봉해졌다.
1479년 명나라가 여진족을 토벌하면서 원군을 요청하여 처음 윤필상이 출정하여 승첩을 거두었으나 그 다음에 출병한 어유소는 만포진에서 강물이 얼기를 기다렸으나 군량이 다하여 돌아오고 말았다. 이에 곤란한 지경에 처한 조정에서 공을 명나라에 파견하였으며 요동에 이르러 비범한 지혜로 담판했다. 또 명의 조정에서도 당당하게 우리의 주장을 개진하여 명의 성조가 마장표피(馬裝豹皮)를 하사하는 등 큰 외교적 성과를 거뒀으며 귀국할 때 <오륜서(五倫書)>, <국자감통지(國子監通志)> 등 귀중한 책을 들여왔다.
이후 호·형·공·병 4조의 판서와 춘추관사(春秋館事), 홍문관대제학(弘文館大提學), 지성균관사(知成均館事)등을 역임했으며 1495년 우의정, 이듬해에 좌의정에 올랐으나 1498년 무오사화에 연루되어 벼슬을 떠났다가 1500년에 돌아가셨다.
공이 병들었을 때 내의가 뜸을 해야 한다고 하자 ""인생 칠십이면 희수(稀壽)요 정승은 극품(極品)인데 두 가지를 모두 얻었거늘 무엇을 바라 뜸까지 하며 더 살고자 하겠느냐.""하며 거절했다고 한다.
공은 문무를 겸비하고 학식이 뛰어났으며 형조판서로 있을 때는 출퇴근 시간에 구애되지 않아서 오고당상(午鼓堂上)이라 불리었으나 능률적이어서 업무가 지체되지 않았다고 한다. 무궁화를 즐겨 시제(詩題)로 사용했으며 700여수의 명구가 현재까지 전한다.
1483년 서거정 등과 함께 <연주시격(聯珠詩格)>, <황산곡시집(黃山谷詩集)>을 한글로 번역했으며 1490년에는 임원준과 함께 <쌍화점(雙花店)>, <이상곡(履霜曲)>, <북전(北殿)>의 악사(樂詞)를 개찬(改撰)했고 1492년 유자광 등과 <진법(陣法)>을 편찬했다."
박한주,https://www.haman.go.kr/01834/01862/02201.web?amode=view&idx=2201,충간(忠諫) 박한주(朴漢柱) (?~1504),"선생의 자는 천지(天支), 호는 우졸자(迂拙子)이다. 밀양인 돈인(敦人)의 아들로 어려서부터 문장을 잘했고 시를 잘 지었다. 김종직의 문하에서 수학했으며 주위로부터 칭송이 자자했다.
성종 16년(1485년) 별시(別試) 갑과(甲科)에 합격해 사간원 정언(正言)에 임명됐으며 왕에게 성의를 다하니 성종도 감동한 바 있다. 김종직이 주도하는 사림세력으로서 정치풍토를 쇄신하고 사회의 기강을 세우는데 헌신했다. 이후 창녕현감으로 있으면서 학교를 세우고 예법(禮法)에 의거 생활하도록 백성을 교화해 조정에서 은상을 베풀었다.
연산군(燕山君)이 집권한 후 사헌부 헌납(獻納)에 임명되어 간관(諫官)으로서 왕에게 충언을 아끼지 않았다.
연산군이 후원에서 말을 달려 격구를 하고 용봉(龍鳳)의 장막(帳幕)을 쳐서 잔치 베푸는 것을 꾸짖자 연산군이 얼굴색이 변해 ""용봉 장막이 너의 물건이냐?""고 반문할 때 선생이 이르기를 ""이것은 모두 백성의 힘으로부터 나온 것이므로 신민(臣民)의 장막이라 할 수 있는 것이므로 어찌 임금의 사사로운 물건이겠습니까?""고 강변했다.
또 임사홍을 탄핵하면서 ""간사하고 흉폭하고 사악한 자가 움직이면 반드시 임금을 속이고 현인을 막는 법입니다. 지금 임사홍 등이 이미 그런 흔적을 보이고 다가올 폐해도 점칠 수 있는데 어찌 이들 무리를 감싸는 지 알수가 없습니다.""라 했다.
그러나 연산군에 의해 조정의 정치가 더욱 문란해지자 외직(外職)을 청해 예천현감로 보임됐다. 선생이 예천에 보임됐다는 소식이 전해지자 백성들이 창녕에서의 업적을 상기하면서 기뻐해 마지않았다고 한다.
재직 8개월 후인 연산군 4년(1498년)에 무오사화가 일어나 연산군이 김종직 문하의 사림세력을 제거하게 되자 선생도 평안도 벽당군(碧撞郡)에 유배되며 2년 후 전라도 낙안군(樂安郡)으로 이배됐다.
연산군 10년(1504년) 임사홍의 사주로 갑자사화가 일어나자 서울로 압송돼 5월 참형에 처해졌다. 형에 임해서도 평상시와 다름없이 태연자약했으며 대낮인데도 검은 구름이 싸여 밤과 같았고 비가 내리면서 번개와 천둥이 요란했다고 한다.
중종반정 후 승정원 도승지로 추증됐으며 대구의 남강서원과 가야읍의 덕암서원에 배향돼 있다. 문집으로 <우졸재집>이 전한다."
안관,https://www.haman.go.kr/01834/01862/02202.web?amode=view&idx=2202,절의(節義)의 학자 안관(安灌)(1491~1653),"선생의 휘는 관(灌)이요 자는 관지(灌之), 호는 취우정(聚友亭)이며 본관은 순흥이다. 고려말의 성리학자 문정공 안축의 7대손으로 1491년 경기도 시흥에서 태어나 함안에서 살았다.
선생은 어릴 때부터 총명해 열 살 때 사서를 통달했고 조광조 문하에서 이학(理學)을 배웠으나 1504년 갑자사화가 일어나 김굉필, 정여창이 화를 입자 유학이 장차 쇠할 것을 예측하고 크게 통탄했으며 이후 학문 연구와 후학 양성에 전념했다.
항상 고고한 선비의 기품을 잃지 않았으며 10년 병상의 부친이 위중할 때 손가락의 피를 목안에 넣어 소생케 한 효자로 알려져 1510년 돈녕부참봉(敦寧付參奉)에 제수됐으나 벼슬길에 나아가지 않았다.
연이은 사화에 따른 세상의 어지러움을 예견해 완천당 박덕손과 함께 명산대천을 찾아다니며 맑은 바람과 밝은 달을 벗 삼아 시를 짓다 1522년 함안 여항산에 은거했다.
한때 중종 임금이 그의 효성과 덕행을 높이 기리어 1537년 특별히 사직(司直)이란 벼슬을 제수하자 잠시 조정에 나아가기도 했으나 사화의 불씨가 계속되자 지조 있는 선비가 머무를 수 없다 여기고 물러나와 세상사와 담을 쌓았다.
1548년 만하봉(晩霞峰) 아래의 사락동(현 도움마을)에 터를 잡고 정면 5칸 측면 2칸의 단층 목조와가 팔작지붕 정자를 세워 취우정(聚友亭)이라 하면서 벗을 모아 경전을 강론하고 책을 저술해 도를 밝히니 많은 후학이 선생의 가르침을 받았다. 이후 1553년 63세에 생을 마감했다.
근사록문잡요어(近思錄問雜要語)와 중용수미천자해(中庸首尾天字解)을 비롯한 많은 저서를 남겼으나 임진왜란으로 현존하는 것은 없고 후손과 후학을 가르치기 위해 만든 「가훈십조 家訓十條」*만 전할 뿐이다.
1780년 영남유생의 상소로 신암서원을 세워 선생의 높은 선비정신을 기리고 후학을 양성했으며 1868년 서원철폐령으로 철거됐으나 1993년 현재의 모습으로 복원됐다. 또 취우정에 소장돼 온, 선생의 7대조이신 문정공 안축이 지은 근재집 책판 90매가 1979년 경남유형문화재 174호로 지정되기도 했다.
* 가훈십조는 충효(忠孝), 성경(誠敬), 돈상문학(敦尙文學), 륭사친우(隆師親友), 목인임휼(睦隣任恤), 견득사의(見得思義), 계신유독(戒愼幽獨), 단정의관(端整衣冠), 재무구구(財無苟求), 난무구면(難無苟免)으로 선비의 도를 강조하고 있다."
이휴복,https://www.haman.go.kr/01834/01862/02203.web?amode=view&idx=2203,진무공신 인원군 이휴복(李休復) (1568~1624),"공의 자는 사장(士長)이요, 호는 양졸정(養拙亭)이며 본관은 인천이다. 참찬의정부사 겸 예문관 대제학을 지낸 공도공(恭度公) 휘 문화의 8대손이며 인산군(仁山君) 휘 인의 아들로 1568년(선조1년) 군북면 명관리에서 출생했다.
어렸을 때부터 재능이 뛰어났으며 8세 때 외숙인 박제인(朴齋仁)에게 소학을 배웠다. 1587년 함안군수로 부임한 한강(寒岡) 정구(鄭逑)선생을 뵙고 경서와 사서를 깊이 연구하니 향리의 칭송이 자자했다.
1592년 6월 임진왜란으로 양친과 형님내외가 왜적에게 살해당했을 때 공이 양친의 시신을 안고 기절하매 왜적이 공도 죽은 줄 알고 그대로 지나갔다. 27세 때 상복을 벗자 붓대를 꺾고 진주에서 의병을 일으켰으며 진주와 의령, 함안 등지에서 유격전을 전개했다. 정유재란이 일어나자 곽재우 장군이 있는 창녕 화왕산성으로 달려가 혁혁한 전과를 세웠다.
이후 계속 무예를 닦아 1606년 무과(武科)에 장원을 차지했으며 훈련도감(訓練都監)을 거쳐 1617년 절충장군(折衝將軍)으로 수군첨절제사(水軍僉節制使)에 임명되어 남해의 성을 보수하고 전함을 정비하니 문무를 겸비한 인재라 칭찬했다.
1624년 자산군수에 임명되어 미처 부임하기 전에 이괄이 난을 일으켜 서울까지 침범하니 공으로 하여금 순천군수(順天郡守)의 서리(署理)를 겸임해 진압케 했다. 공이 이괄 등 아홉장수의 목을 베고 난을 평정하니 진무공신(振武功臣) 3등 가선대부(嘉善大夫)로서 인원군(仁原君)에 봉해지고 순천군수에 임명됐다.
부임한 지 얼마 안돼 군정이 맑고 백성이 편안해지자 병조참판에 임명하려 했으나 갑자기 병이 발생해 세상을 떠나셨으며 군북면 백이산에 묻혔다.
1625년 단서죽백(丹書竹帛)의 교서가 내려져 자헌대부(資憲大夫) 호조판서(戶曹判書) 겸 지의금부사(知義禁府事)에 추증됐다. 군북면 도천사와 합천 충현사, 정읍 도계서원에서 배향되고 있으며 양졸정문집이 전한다."
박제인,https://www.haman.go.kr/01834/01862/02204.web?amode=view&idx=2204,은덕군자로 칭송받은 박제인(朴齊仁) (1536~1618),"선생의 본관은 경주, 자는 중사(仲思), 호는 황암(篁巖)이며 박앙(朴?)의 5세손으로 1536년 지금의 군북면 명관리에서 태어났다.
경주박씨의 중시조인 박앙은 신라의 제5대 왕인 파사왕의 37세손으로 조선 세종 정묘년에 시마시에 합격하고 문종 신미년에 문과에 급제해 홍문관 저작을 지냈으나 단종이 폐위되자 벼슬을 버리고 매월당 김시습, 찬성 유자미와 함께 수양산에 은거했으며 만년에 명관리에 정착해 절의를 지켰다.
이런 가풍을 이어받아 선생은 어려서부터 학문에 뜻을 두었고 남명 조식에게 경의(敬義)의 요체를 가르침 받으면서 문하의 인물들과 교우했다. 거처하는 집을 정묵재(靜?齋)에서 정적(靜寂)으로 바꾸고 바위 위에 대를 심은 다음 스스로 호를 황암으로 고치고 학문에 정진했으며 임진왜란이 일어나자 조종도, 이칭, 이정 등과 함께 군사를 모아 함안군수인 류숭인에게 보내기도 했다.
남명의 사상을 철저히 이어받아 행한 학자로 평가받았으며 함안군수로 부임한 한강 정구(寒岡 鄭逑)가 학문의 침중함에 감복해 은덕유조(隱德有操)라 칭할 정도였다. 또 조식선생도 형(兄)인 송암 박제현(松巖 朴齊賢)과 황암의 재주에 감탄하여 「함안의 고사는 난형난제다.」라고 했다.
이칭, 이정 등과 함께 함주지를 편찬해 지역역사에 발자취를 남겼으며 이괄의 난을 평정해 진무공신으로 인원군에 봉해진 생질 이휴복을 가르치는 등 교육에도 많은 관심을 쏟았다. 선조대왕에게 어필(御筆)과 어화(御畵) 1점을 하사받기도 했다.
학덕이 널리 알려져 1594년 태릉참봉(泰陵參奉)과 왕자의 사부(師傅)로 임명되었으나 모두 거절하고 나아가지 않았으며 1599년 송라찰방(松羅察訪)이 되었다가 1601년에 사직하고 1602년에 다시 시직(侍直)에 임명되었으나 부임하지 않았다.
그해 겨울 다시 왕자의 사부로 임명되어 부임하니 임금이 밝은 스승을 얻었다고 기뻐했다. 1605년 형조좌랑에 임명되고 군위현감으로 자리를 옮겼으며 이후 제용감판관(濟用監判官)으로 제수됐으나 나아가지 않고 있다 1618년 돌아가셨다.
도림서원에서 향사하다가 조선 헌종 때 명관리 평천서원으로 이봉(移奉)했다. 선생이 남긴 황암집은 가로 20cm, 세로 31.5cm로 당초 41매였으나 6.25전쟁으로 39매만 남아있으며 평천서원 유허지에 세워진 추모재(追慕齋)에 보관돼 있다."
손양원,https://www.haman.go.kr/01834/01862/02205.web?amode=view&idx=2205,하나님의 사랑을 실천한 손양원(孫良源) 목사 (1902~1950),"1902년 6월 3일 칠원읍 구성리에서 아버지 손종일과 어머니 김은수 사이의 삼형제 가운데 장남으로 태어났으며 휘는 연준, 호는 산돌이다. 1908년부터 부모를 따라 주일학교에 다니기 시작했고 1914년 칠원공립보통학교에 입학했으며 3학년 때인 1916년 동경을 향해 경의를 표하는 궁성요배를 하지 않아 퇴학을 당했다.
1917년 10월 3일 맹호은 선교사에게 세례를 받았으며 그의 도움으로 1919년 보통학교를 졸업하고 서울 중동학교에 진학해 만두장사를 하면서 고학했으나 1919년 3월 24일 칠원읍 3·1독립운동을 지휘한 아버지가 징역 8월의 실형을 선고받자 1920년 4월 학업을 중단했다.
1921년 일본 동경으로 건너가 우유와 신문배달을 하면서 야간중학교를 졸업했다. 일본에서 참된 신앙의 의의를 체득했으며 1923년 귀국 후 1924년 대산면 옥렬리의 정양순 여사와 결혼했다.
1929년부터 1932년까지 밀양 수산, 울산 방어진과 남창, 부산 감만동과 남부민, 양산 우너동교회를 개척했으며 1938년 평양신학교를 졸업한 후 1939년까지 부산, 경남일원의 교회를 순회 전도하면서 신사참배 반대운동을 벌였다.
1939년 7월 14일 여수 애양원교회에 한국인 2대 목사로 부임해 한센병자와 음식과 잠자리를 함께 하면서 이들을 치료해 주고 기도를 해 신앙의 아버지로 존경받았다. 이때 평생을 이들과 함께 하기로 하고 이름도 양원으로 바꾸었다.
1940년 9월 25일 신사참배 거부로 여수경찰서에 체포돼 옥살이를 하다 1945년 8월 17일 해방으로 석방됐으며 1948년 10월 21일 여순사건으로 두 아들 동인과 동신이 총살을 당했다.
10월 29일 장례식을 치르면서 유명한「아홉 가지 감사」의 말씀을 남겼으며 아들을 죽인 학생의 석방을 간청하고 그를 양아들로 삼아 전도사로 키워내는 놀라운 사랑을 실천해 20세기 사랑의 사도로 칭송받았다.
1950년 한국전쟁이 일어나자 피난을 거부하며 집회를 계속했고 주위의 간청에 어쩔 수 없이 피난 배에 올랐으나 한센병자를 돌보겠다며 혼자 배에서 내렸다. 9월 13일 공산군에게 체포됐으며 9월 28일 여수 근교에서 총살에 처해져 48세의 나이로 순교하셨다.
1949년 안용준 목사가 <사랑의 원자탄>이라는 선생의 일대기를 출판했으며 후에 <씨앗은 죽어서>라는 이름으로 영어와 독일어로 번역됐다. 1966년 선생의 삶이 영화화되어 많은 사람들에게 큰 감명을 주었으며 1993년 선생과 두 아들의 무덤이 있는 애양원 뒤쪽 바닷가에 순교기념관이 준공돼 지금은 연4만명 넘게 다녀가고 있다.(여수시 율촌면 신풍리, 전화 061-682-9534, www.aeyangwon.org)"
안유,https://www.haman.go.kr/01834/01862/02206.web?amode=view&idx=2206,전중시어사 안유(安綏),"선생의 휘는 유(綏)요 본관은 광주인으로 광주안씨의 중시조이자 함안에 처음으로 정착하신 분이다.
고려 때 과거에 급제해 벼슬에 나아가게 되는데 어사대 소속으로서 지방 정치, 풍속을 살피는 법사로 정5품인 전중시어사(殿中侍御史)의 직책으로 영남의 안렴사(按廉使)를 제수 받아 고을마다 다니며 영남의 정치 등을 살피게 되는데 이때 함안 땅을 처음 밟게 되었다.
그리고 왜구들이 바다를 드나들며 수시로 변경을 침입해 약탈을 일삼는 등 백성들을 괴롭히자 이를 격퇴하여 백성들이 안심하고 생업에 열중하도록 해주었으며 공로를 인정받아 임금께서 특별히 총애해 많은 상을 내렸다고 전한다.
또 지방을 돌며 어려운 사정을 보살펴 선정을 베푸는데 힘썼으며, 특히 어진 성품으로 인의(仁義)의 정치로 백성을 다스려 도민이 감격해 주(周)나라 소공석의 감당지화란 고사를 상기하며 선정비를 세웠다고 전해진다.
시경에 나오는 감당(甘棠)이란 시(詩)를 보면
감당(甘棠) 무성한 팥배나무 자르고 베지 말라, 우리 님이 쉬시던 초막집 무성한 팥배나무 자르고 꺾지 말라, 우리 님이 쉬시던 곳 무성한 팥배나무 자르지 말고 휘지도 말라, 우리 님이 주무시던 곳
이라고 소개하고 있다.
소공석이 백성들과 생사고락을 함께하며 배나무 그늘에서 잠시 쉬었다 해서 배나무를 건드리지 마라 했으니 백성들의 사랑이 어떠했는지 알 수 있는 것으로 선생의 행적 또한 미루어 짐작할 수 있다.
함안 배씨를 부인으로 맞아 두분의 아들을 두셨으며, 5세손 기(器)는 고려 공민왕 때 문과에 급제해 판전농시사(현, 농림부장관)에 올랐고 굶주린 백성을 위해 황무지를 개간해 농사와 잠업을 권장해 나라를 부강하게 했다.
벼슬을 그만두고 경기도 광주에서 평소 보아두었던 현재의 산인면 안인으로 옮겨와 살기시작 했으며 이곳에 우물을 파니 샘물이 얼음 같이 차갑고 가뭄에도 마르지 않아 병자도 고쳤다고 전해지는 이 우물을 관찰정이라 불렀고, 정자를 지어 노년에 학문에 정진하며 소일 하였던 어사정이 있었으나 지금은 그 흔적만이 남아 있을 뿐이다.
현재 삼봉산 기슭 가야읍 가야리 선왕동에는 광주 안씨 시조인 고려 대장군을 지낸 방걸 선조부터 13세까지 설단비와 신주비를 모셔놓고 매년 시제를 올리고 있다.
고려 때의 인물로 행적에 대한 기록이 부족해 상세히 전하지 못한 아쉬움이 있습니다."
안지호,https://www.haman.go.kr/01834/01862/02207.web?amode=view&idx=2207,일제에 항거한 애국지사 안지호(安知鎬) (1857~1921),"지사의 자는 운익(雲翼), 호는 우봉(藕峰)이며 1857년 9월 21일 고성군 풍화리에서 태어나 대산면 옥렬리에서 자랐다. 성품이 강직하고 총명했으며 일찍 한학을 익혀 훈장으로 학생을 가르쳤고 효성 또한 지극했다.
3·1독립운동 당시 전국민족대표 48인중 한사람으로 우국충정이 남달랐다. 1913년 부패시정을 요구하는 건의서를 경남도지사에게 발송했으며, 일본의 강제 한일합방조약 체결에 분기해 1915년 9월 마산경찰서장과 일본 정부에 탄원서를 전달해 15일간 구류에 처해졌다.
1917년 12월 「일본은 도적의 마음으로 백성을 포악하게 다스린다.」는 규탄의 글로 구류 중에 사면됐다가 다시 조선총독부 데라우찌 총독에게 조선도 독립이 돼야 한다는 요지의 독립청원서를 보내 징역 3개월을 선고받고 집행유예로 풀려났다.
1919년 3월 19일 함안읍의거에서 태극기와 대한독립가를 휴대한 죄로 유치장에 수감되자 3천여 명의 시위군중이 경찰관 주재소를 부수고 지사를 탈출시켰다. 군수를 앞세워 대한독립만세를 부르게 하고 경찰서장에게 만세운동을 한 사실확인서를 발급하라고 요구했다.
주모자를 검거할 때 63세였던 지사도 검거돼 대구복심법원에서 7년형을 언도받았으며 상고했으나 기각돼 형이 확정됐다. 상고심에서 「일본은 우리 군부(君父)를 시해하고 우리 동포를 살해하기를 수백 명이나 돼 나는 통곡하고 원한이 골수에 사무친다. 문명세계에서 한 사람을 죽여도 용서받지 못하는데… 적수공권의 선량한 국민에게 병기를 사용하는 총독부를 비롯해… 도둑놈의 소굴에 소요를 일으킨 것은 당연한 일이다.」라고 주장했다.
대구형무소에 수감될 때 붉은 죄수복 입기를 거부했고 마산형무소에 이감된 후 악독한 고문과 옥고로 몸이 위중하자 보석을 조건으로 자백서를 쓰도록 강권했으나 ""내게 무슨 잘못이 있어 자백서를 써라 하느냐""면서 종이를 찢어 버렸다. 이후 병세가 악화되어 1921년 12월 23일 옥중에서 순절하시니 향년 65세였다.
1925년 전국의 유림향약본부에서 표창완의문으로 지사의 충의를 기리었고 1963년 건국훈장 독립장에 추서됐으며, 서울 서대문형무소 독립관에 선생의 위패가 모셔져 있고 대산면 옥렬리에 추모비를 세워 지사의 애국정신을 기리고 있다."
안축선생,https://www.haman.go.kr/01834/01862/02208.web?amode=view&idx=2208,고려말 문신 경기체가 '관동별곡'의 저자 안축(安軸) 선생 (1282~1348),"선생의 이름은 축(軸) 본관은 순흥(順興) 자는 당지(當之) 호는 근재(謹齋) 이며 시호는 문정공(文貞公)이다. 고려조에 문과에 급제하여 전주사록(全州司錄), 사헌규정(司憲糾正), 단양부주부(丹陽府主簿)를 지내고 1324년(충숙왕 11) 원나라의 제과(制科)에 급제하여 요양로개주판관(遼陽路蓋州判官)에 임명되었으나 부임하지 않았다. 고려에 돌아와 성균학정(成均學正)을 거쳐 충혜왕(忠惠王) 때 강원도 존무사(存撫使)로 파견되었다. 이때 충군애민(忠軍愛民)의 뜻이 담긴 문집 관동와주(關東瓦注)를 남겼다.
1332년(충숙왕 복위 1) 판전교(判典校)·지전법사(知典法事) 재직시 파면당했다가 전법판서(典法判書)로 복직되었으나 내시의 미움을 받아 파직되었다.
충혜왕이 복위하자 다시 전법판서·감찰대부(監察大夫)에 등용되었으며, 1344년(충목왕 즉위)에 지밀직사사(知密直司事)·첨의찬성사(僉議贊成事)를 지내고 판정치도감사(判整治都監事)가 되어 양전(量田) 행정에 참여했다. 민지(閔漬)가 지은 편년강목(編年綱目)을 이제현(李齊賢) 등과 다시 편찬했고 충렬왕·충선왕·충숙왕의 실록 편찬에 참여했다. 경기체가인 관동별곡(關東別曲), 죽계별곡(竹溪別曲)을 지었고 문집에 근재집(謹齋集)이 있다. 가야읍 신암서원과 순흥의 소수서원에 배향되고 있다.
이 문집책판은 사위인 정량생이 근제의 관동와주를 공민왕 14년(1364)에 청주에서 처음 발간하였고 조선 세종 27년(1445)에는 그의 현손인 안숭선이 유고(遺稿)를 모아 보유편을 붙여 다시 발간하였다. 중간본의 출간이후 50여년의 세월이 지나 그 문집을 접하기 어렵게 되자 함안, 의령 등 인근 각지에 사는 후손들이 융희 3년(1909년)에 복간을 발의하여 그 이듬해인 1910년 함안에서 완간되었다. 책판의 크기는 가로 34cm, 세로 20cm이며 1979년 12월 29일 경남유형문화재 제174호로 지정됐다. 가야읍 신음리 15번지 취우정에 소장돼 왔으나 지금은 함안박물관에 보관돼 있다.
다음은 관동별곡 중 제 1장의 내용이다.
海千重 山萬壘 關東別境 碧油幢 紅蓮幕 兵馬營主 玉帶傾盖 黑　紅旗 鳴沙路 爲 巡察景 幾何如 朔方民物 慕義趨風 爲 王化中興 景幾何如
바다 겹겹 산 첩첩인 관동의 절경에서 푸른 휘장 붉은 장막에 둘러싸인 병마영주가 옥대 매고 일산 받고, 검은 창 붉은 깃발 앞세우며 모래사장으로 아, 순찰하는 그 모습 어떠합니까? 이 지방의 백성들 의를 기리는 풍속을 쫓네. 아, 임금의 교화 중흥하는 모습 그 어떠합니까?"
이우환,https://www.haman.go.kr/01834/01862/02209.web?amode=view&idx=2209,세계적인 화가 이우환 (1936~ ),"이우환(李禹煥)선생은 1936년 군북면 명관리 222번지(평광마을 구식골)에서 태어나 군북초등학교를 졸업할 때까지 면소재지인 덕대리에서 유년시절을 보냈고 경남중학교에 다니면서 그 당시 문인으로 활동했던 황동초(黃東樵) 선생으로부터 詩,書,畵를 배웠으며 서울사대부고교 재학 중일 때 수필가로 이름난 피천득(皮千得) 옹을 가까이서 접하며 자라 후일 문학에도 깊은 조예를 가지는 계기가 되었다.
선생은 서울대 미대 동양화를 전공으로 학업에 열중하던 중 동양화에 회의를 느껴 미대 진학 3개월 만인 1956년에 서울대 미대를 중퇴하고 일본으로 건너가 1961년 일본대학 문학부 철학과를 졸업했다. 그 후 45년여, 그는 동양사상으로 현대미술의 한계를 뛰어넘은 세계적 화가로 우뚝 서게 된다.
우리 지역에서는 선생의 명성이 널리 알려지지 않았지만 대한민국의 미술계 거장으로서의 명성을 넘어 세계적인 작가로 널리 알려졌으며 이우환(71ㆍ일본 다마미술대 교수)이라는 이름보다 'LEE U FAN'이라는 이름으로 국제 화단에 더 통하는 '그리지 않는 그림'의 철학자로 일본과 유럽을 넘나들며 활발한 활동을 벌이고 있다.
선생은 글로벌 시대 화가로 파리 에콜 드 보잘 초빙교수를 지냈으며, 1973년부터 동경 다마미술대학 교수로 재직하기도 했다.
'선', '점', '바람' 등 미니얼하면서도 사색적인 그의 작품은 박수근, 김환기, 이중섭 등 작고 작가를 제외하고는 국내 경매 시장에서 상종가를 치는 이른바 '블루칩'이다. 선생의 작품이 세계적으로 명성을 떨치자 미술품 전문 경매회사인 서울옥션이 7월 12일 평창동 사옥에서 가진 107회 경매에서 그의 작품인 '점으로(2점 일괄)부터'가 국내 경매 사상 최고가인 13억 5,000만 원(이하 구매 수수료 제외)에 낙찰됐으며 지난 5월 뉴욕 소더비 경매에서 18억 원에 낙찰된 것만 보더라도 상한가를 달리고 있는 그의 작품에 대한 미술시장의 인기를 가히 짐작할 수 있다.
하지만 선생은 자신의 작품이 경매시장에 오르내리는 것을 탐탁지 않게 여긴다. 진정 그림에 대한 제대로 된 감상과 예술을 사랑하는 마음으로 작품을 봐 주기를 바라는 진정한 그림쟁이 화가 이우환, 그는 어디에서건 '화가는 그림으로 생각하는 지식인'임을 이야기한다. 무엇보다 그의 고향인 평광 숲에는 고향과 수구초심을 그리며 쓴 그의 작품이 반기고 있다.
고향이 하 보고파 양졸숲 찾아 왔더니 풀국새 우는 소리 깨닫는 바 또 있구나 부끄러워 꿈 쫓아 다시 먼길 떠나노라-
- 1987년 청명절에 우환이 귀성 시를 애비 인섭이 새기다.
이인섭 : 이우환 선생의 부친으로 1906년생 1992년 작고
2000년 11월 일본에서 초판이 나온 그의 작품인 '여백의 예술'에는 예술은 시며 비평이고 그리고 초월적인 것이기에 두 가지 길이 있다고 하는데 첫 번째는 자기의 내면적인 이미지를 현실화하는 길이며, 두 번째는 자기의 내면적인 생각과 외부 현실을 짜 엮는 길이며, 세 번째는 일상의 현실을 그대로 재생산하는 길이지만 거기에는 암시도 비약도 없기 때문에 자신은 그것을 예술로 여기지 않는다고 말하고 있다.
자신이 선택한 것은 두 번째의 내부와 외부가 만나는 길이다 거기에는 자신이 만드는 부분을 한정하고 만들지 않은 부분을 받아들임으로써 서로 침투하기도 하고 거절하기도 한 다이내믹한 관계를 만들어 내는 것이 중요하다고 하였고, 또한 이 관계 작용에 의해 시적이며, 비평적이며 그리고 초월적인 공간이 열리기를 바란다고 하였으며, 그리고 바로 이것을 여백의 예술이라 부른다는 것을 강조하고 있다.
- 여백의 예술 중에서 -
이우환 선생은 함안 아니 한국이 낳은 세계적인 예술가다. 한국 '안과 밖' 양쪽에서 예술적 성가를 공인받고 있는 화가나 조각가로 이우환을 꼽는 데 이견을 달리할 사람이 없을 정도라니….
그러나 우리는 어려운 현실 속에서 너무 많은 걸 잊고 있었다는 것을 생각하니 부끄럽기만 하다. 먹기에만 급급했을까? 정작 우리보다 국외적으로 함안을 빛나게 했던 세계적인 거물을 잘 몰랐다니 말이다. 지금이라도 선생의 혼이 담긴 작품세계에 빠져 보면 어떨까?"
