순번,음식점명,상세페이지 링크,주소
01,가야정,https://www.haman.go.kr/02373/02374/02379.web?amode=view&idx=317&pageunit=999&category=R0600,경상남도 함안군 가야읍 말산2길 29
02,강촌,https://www.haman.go.kr/02373/02374/02379.web?amode=view&idx=322&pageunit=999&category=R0600,"경상남도 함안군 가야읍 성내남길 31-19,  1호"
03,검암산천 은하수생고기,https://www.haman.go.kr/02373/02374/02379.web?amode=view&idx=323&pageunit=999&category=R0600,경상남도 함안군 가야읍 중검길 75
04,아라곰탕,https://www.haman.go.kr/02373/02374/02379.web?amode=view&idx=318&pageunit=999&category=R0600,경상남도 함안군 가야읍 말산로 101
05,아라정,https://www.haman.go.kr/02373/02374/02379.web?amode=view&idx=88&pageunit=999&category=R0600,경남 함안군 가야읍 가야로 60
06,언양석쇠불고기,https://www.haman.go.kr/02373/02374/02379.web?amode=view&idx=324&pageunit=999&category=R0600,"경상남도 함안군 가야읍 중앙남3길 30 , 1층"
07,철따라횟집,https://www.haman.go.kr/02373/02374/02379.web?amode=view&idx=326&pageunit=999&category=R0600,경상남도 함안군 가야읍 중앙북길 34
08,사철 박경순 냉면,https://www.haman.go.kr/02373/02374/02379.web?amode=view&idx=348&pageunit=999&category=R0600,경상남도 함안군 칠원읍 용산2길 65  2층
09,야촌원두막,https://www.haman.go.kr/02373/02374/02379.web?amode=view&idx=352&pageunit=999&category=R0600,경상남도 함안군 칠원읍 야촌1길 16
10,전원초밥,https://www.haman.go.kr/02373/02374/02379.web?amode=view&idx=350&pageunit=999&category=R0600,경상남도 함안군 칠원읍 경남대로 1823
11,참하누,https://www.haman.go.kr/02373/02374/02379.web?amode=view&idx=351&pageunit=999&category=R0600,경상남도 함안군 칠원읍 송평로 480
12,처음본 명품민물장어,https://www.haman.go.kr/02373/02374/02379.web?amode=view&idx=486&pageunit=999&category=R0600,경상남도 함안군 칠원읍 경남대로 1763
13,아라분식,https://www.haman.go.kr/02373/02374/02379.web?amode=view&idx=386&pageunit=999&category=R0600,경상남도 함안군 군북면 중암6길 11-16
14,양평해장국(군북점),https://www.haman.go.kr/02373/02374/02379.web?amode=view&idx=330&pageunit=999&category=R0600,경상남도 함안군 군북면 함마대로 850
15,함안(부산방향)휴게소,https://www.haman.go.kr/02373/02374/02379.web?amode=view&idx=331&pageunit=999&category=R0600,경상남도 함안군 군북면 현포로 205
16,함안(순천방향)휴게소,https://www.haman.go.kr/02373/02374/02379.web?amode=view&idx=332&pageunit=999&category=R0600,경상남도 함안군 군북면 현포로 205-1
17,황토복집,https://www.haman.go.kr/02373/02374/02379.web?amode=view&idx=328&pageunit=999&category=R0600,경상남도 함안군 군북면 지두3길 6
18,솔밭가든,https://www.haman.go.kr/02373/02374/02379.web?amode=view&idx=335&pageunit=999&category=R0600,경상남도 함안군 법수면 법수로 492
19,너와촌,https://www.haman.go.kr/02373/02374/02379.web?amode=view&idx=347&pageunit=999&category=R0600,경상남도 함안군 칠서면 공단상가3길 40
20,칠서휴게소(양평방향),https://www.haman.go.kr/02373/02374/02379.web?amode=view&idx=345&pageunit=999&category=R0600,"경상남도 함안군 칠서면 계룡로 122-1  , 칠서(양평)휴게소"
21,부경갈비,https://www.haman.go.kr/02373/02374/02379.web?amode=view&idx=344&pageunit=999&category=R0600,경상남도 함안군 칠북면 온천로 47
22,맛고을한우마당,https://www.haman.go.kr/02373/02374/02379.web?amode=view&idx=340&pageunit=999&category=R0600,경상남도 함안군 산인면 함마대로 1814
23,본가삼계탕,https://www.haman.go.kr/02373/02374/02379.web?amode=view&idx=339&pageunit=999&category=R0600,경상남도 함안군 산인면 신산로 224
24,양평해장국,https://www.haman.go.kr/02373/02374/02379.web?amode=view&idx=341&pageunit=999&category=R0600,경상남도 함안군 산인면 함마대로 2280
25,식객,https://www.haman.go.kr/02373/02374/02379.web?amode=view&idx=342&pageunit=999&category=R0600,경상남도 함안군 여항면 내곡3길 47
